flight_number,mission_name,upcoming,launch_year,launch_date_unix,launch_date_utc,launch_date_local,rocket/rocket_id,rocket/rocket_name,rocket/rocket_type,rocket/first_stage/cores/0/core_serial,rocket/first_stage/cores/0/flight,rocket/first_stage/cores/0/block,rocket/first_stage/cores/0/reused,rocket/first_stage/cores/0/land_success,rocket/first_stage/cores/0/landing_type,rocket/first_stage/cores/0/landing_vehicle,rocket/second_stage/block,rocket/second_stage/payloads/0/payload_id,rocket/second_stage/payloads/0/reused,rocket/second_stage/payloads/0/customers/0,rocket/second_stage/payloads/0/nationality,rocket/second_stage/payloads/0/manufacturer,rocket/second_stage/payloads/0/payload_type,rocket/second_stage/payloads/0/payload_mass_kg,rocket/second_stage/payloads/0/payload_mass_lbs,rocket/second_stage/payloads/0/orbit,rocket/second_stage/payloads/0/orbit_params/reference_system,rocket/second_stage/payloads/0/orbit_params/regime,rocket/second_stage/payloads/0/orbit_params/longitude,rocket/second_stage/payloads/0/orbit_params/semi_major_axis_km,rocket/second_stage/payloads/0/orbit_params/eccentricity,rocket/second_stage/payloads/0/orbit_params/periapsis_km,rocket/second_stage/payloads/0/orbit_params/apoapsis_km,rocket/second_stage/payloads/0/orbit_params/inclination_deg,rocket/second_stage/payloads/0/orbit_params/period_min,rocket/second_stage/payloads/0/orbit_params/lifespan_years,telemetry/flight_club,reuse/core,reuse/side_core1,reuse/side_core2,reuse/fairings,reuse/capsule,launch_site/site_id,launch_site/site_name,launch_site/site_name_long,launch_success,links/mission_patch,links/mission_patch_small,links/article_link,links/wikipedia,links/video_link,details,static_fire_date_utc,rocket/second_stage/payloads/1/payload_id,rocket/second_stage/payloads/1/reused,rocket/second_stage/payloads/1/customers/0,rocket/second_stage/payloads/1/nationality,rocket/second_stage/payloads/1/manufacturer,rocket/second_stage/payloads/1/payload_type,rocket/second_stage/payloads/1/payload_mass_kg,rocket/second_stage/payloads/1/payload_mass_lbs,rocket/second_stage/payloads/1/orbit,rocket/second_stage/payloads/1/orbit_params/reference_system,rocket/second_stage/payloads/1/orbit_params/regime,rocket/second_stage/payloads/1/orbit_params/longitude,rocket/second_stage/payloads/1/orbit_params/semi_major_axis_km,rocket/second_stage/payloads/1/orbit_params/eccentricity,rocket/second_stage/payloads/1/orbit_params/periapsis_km,rocket/second_stage/payloads/1/orbit_params/apoapsis_km,rocket/second_stage/payloads/1/orbit_params/inclination_deg,rocket/second_stage/payloads/1/orbit_params/period_min,rocket/second_stage/payloads/1/orbit_params/lifespan_years,rocket/second_stage/payloads/0/norad_id/0,rocket/second_stage/payloads/0/orbit_params/epoch,rocket/second_stage/payloads/0/orbit_params/mean_motion,rocket/second_stage/payloads/0/orbit_params/raan,links/presskit,rocket/second_stage/payloads/0/cap_serial,rocket/second_stage/payloads/0/mass_returned_kg,rocket/second_stage/payloads/0/mass_returned_lbs,rocket/second_stage/payloads/0/flight_time_sec,rocket/second_stage/payloads/0/cargo_manifest,links/reddit_campaign,links/reddit_launch,links/reddit_recovery,links/reddit_media,rocket/second_stage/payloads/0/customers/1,rocket/second_stage/payloads/0/customers/2,rocket/second_stage/payloads/1/norad_id/0,rocket/second_stage/payloads/1/orbit_params/epoch,rocket/second_stage/payloads/1/orbit_params/mean_motion,rocket/second_stage/payloads/1/orbit_params/raan,rocket/second_stage/payloads/0/norad_id/1,rocket/second_stage/payloads/0/norad_id/2,rocket/second_stage/payloads/0/norad_id/3,rocket/second_stage/payloads/0/norad_id/4,rocket/second_stage/payloads/0/norad_id/5,rocket/second_stage/payloads/0/norad_id/6,rocket/second_stage/payloads/0/norad_id/7,rocket/second_stage/payloads/0/norad_id/8,rocket/second_stage/payloads/0/norad_id/9,rocket/first_stage/cores/1/core_serial,rocket/first_stage/cores/1/flight,rocket/first_stage/cores/1/block,rocket/first_stage/cores/1/reused,rocket/first_stage/cores/1/land_success,rocket/first_stage/cores/1/landing_type,rocket/first_stage/cores/1/landing_vehicle,rocket/first_stage/cores/2/core_serial,rocket/first_stage/cores/2/flight,rocket/first_stage/cores/2/block,rocket/first_stage/cores/2/reused,rocket/first_stage/cores/2/land_success,rocket/first_stage/cores/2/landing_type,rocket/first_stage/cores/2/landing_vehicle,rocket/second_stage/payloads/1/norad_id/1,rocket/second_stage/payloads/1/customers/1
1,FalconSat,false,2006,1143239400,2006-03-24T22:30:00.000Z,2006-03-25T10:30:00+12:00,falcon1,Falcon 1,Merlin A,Merlin1A,1,,false,false,,,1,FalconSAT-2,false,DARPA,United States,SSTL,Satellite,20,43,LEO,geocentric,low-earth,,,,400,500,39,,,,false,false,false,false,false,kwajalein_atoll,Kwajalein Atoll,Kwajalein Atoll Omelek Island,false,https://images2.imgbox.com/40/e3/GypSkayF_o.png,https://images2.imgbox.com/3c/0e/T8iJcSN3_o.png,https://www.space.com/2196-spacex-inaugural-falcon-1-rocket-lost-launch.html,https://en.wikipedia.org/wiki/DemoSat,https://www.youtube.com/watch?v=0a_00nJ_Y88,Engine failure at 33 seconds and loss of vehicle,2006-03-17T00:00:00.000Z,,,,,,,,,,,,,,,,,,,,,,,,,,,,,,,,,,,,,,,,,,,,,,,,,,,,,,,,,,,,,,,,
2,DemoSat,false,2007,1174439400,2007-03-21T01:10:00.000Z,2007-03-21T13:10:00+12:00,falcon1,Falcon 1,Merlin A,Merlin2A,1,,false,false,,,1,DemoSAT,false,DARPA,United States,SpaceX,Satellite,,,LEO,geocentric,low-earth,,,,,,,,,,false,false,false,false,false,kwajalein_atoll,Kwajalein Atoll,Kwajalein Atoll Omelek Island,false,https://images2.imgbox.com/be/e7/iNqsqVYM_o.png,https://images2.imgbox.com/4f/e3/I0lkuJ2e_o.png,https://www.space.com/3590-spacex-falcon-1-rocket-fails-reach-orbit.html,https://en.wikipedia.org/wiki/DemoSat,https://www.youtube.com/watch?v=YMvQsmLv44o,"Successful first stage burn and transition to second stage, maximum altitude 289 km, Premature engine shutdown at T+7 min 30 s, Failed to reach orbit, Failed to recover first stage",,,,,,,,,,,,,,,,,,,,,,,,,,,,,,,,,,,,,,,,,,,,,,,,,,,,,,,,,,,,,,,,,
3,Trailblazer,false,2008,1217648040,2008-08-02T03:34:00.000Z,2008-08-02T15:34:00+12:00,falcon1,Falcon 1,Merlin C,Merlin1C,1,,false,false,,,1,Trailblazer,false,NASA,United States,Space Dev,Satellite,,,LEO,geocentric,low-earth,,,,,,,,,,false,false,false,false,false,kwajalein_atoll,Kwajalein Atoll,Kwajalein Atoll Omelek Island,false,https://images2.imgbox.com/4b/bd/d8UxLh4q_o.png,https://images2.imgbox.com/3d/86/cnu0pan8_o.png,http://www.spacex.com/news/2013/02/11/falcon-1-flight-3-mission-summary,https://en.wikipedia.org/wiki/Trailblazer_(satellite),https://www.youtube.com/watch?v=Qz0yJ8N3cA0,Residual stage 1 thrust led to collision between stage 1 and stage 2,,PRESat,false,ORS,United States,,Satellite,,,LEO,geocentric,low-earth,,,,,,,,,,,,,,,,,,,,,,,,,,,,,,,,,,,,,,,,,,,,,,,,,,,,,
4,RatSat,false,2008,1222643700,2008-09-28T23:15:00.000Z,2008-09-28T11:15:00+12:00,falcon1,Falcon 1,Merlin C,Merlin2C,1,,false,false,,,1,RatSat,false,SpaceX,United States,SpaceX,Satellite,165,363,LEO,geocentric,low-earth,,7009.836,0.0009194,625.256,638.145,9.3329,97.346,,,false,false,false,false,false,kwajalein_atoll,Kwajalein Atoll,Kwajalein Atoll Omelek Island,true,https://images2.imgbox.com/e0/a7/FNjvKlXW_o.png,https://images2.imgbox.com/e9/c9/T8CfiSYb_o.png,https://en.wikipedia.org/wiki/Ratsat,https://en.wikipedia.org/wiki/Ratsat,https://www.youtube.com/watch?v=dLQ2tZEH6G0,"Ratsat was carried to orbit on the first successful orbital launch of any privately funded and developed, liquid-propelled carrier rocket, the SpaceX Falcon 1",2008-09-20T00:00:00.000Z,,,,,,,,,,,,,,,,,,,,33393,2008-09-28T22:51:02.000Z,14.79249332,63.3956,,,,,,,,,,,,,,,,,,,,,,,,,,,,,,,,,,,,,,,,,
5,RazakSat,false,2009,1247456100,2009-07-13T03:35:00.000Z,2009-07-13T15:35:00+12:00,falcon1,Falcon 1,Merlin C,Merlin3C,1,,false,false,,,1,RazakSAT,false,ATSB,Malaysia,Satrec,Satellite,200,440,LEO,geocentric,low-earth,,7055.497,0.0016216,665.921,688.803,8.9873,98.299,,,false,false,false,false,false,kwajalein_atoll,Kwajalein Atoll,Kwajalein Atoll Omelek Island,true,https://images2.imgbox.com/8d/fc/0qdZMWWx_o.png,https://images2.imgbox.com/a7/ba/NBZSw3Ho_o.png,http://www.spacex.com/news/2013/02/12/falcon-1-flight-5,https://en.wikipedia.org/wiki/RazakSAT,https://www.youtube.com/watch?v=WTFlFFrfEB0,,,,,,,,,,,,,,,,,,,,,,35578,2009-07-14T04:50:46.000Z,14.64912653,63.14,http://www.spacex.com/press/2012/12/19/spacexs-falcon-1-successfully-delivers-razaksat-satellite-orbit,,,,,,,,,,,,,,,,,,,,,,,,,,,,,,,,,,,,,,,,
6,Falcon 9 Test Flight,false,2010,1275677100,2010-06-04T18:45:00.000Z,2010-06-04T14:45:00-04:00,falcon9,Falcon 9,v1.0,B0003,1,1,false,false,,,1,Dragon Qualification Unit,false,SpaceX,United States,SpaceX,Dragon Boilerplate,,,LEO,geocentric,low-earth,,6634.458,0.0030715,235.945,276.701,34.5005,89.632,,,false,false,false,false,false,ccafs_slc_40,CCAFS SLC 40,Cape Canaveral Air Force Station Space Launch Complex 40,true,https://images2.imgbox.com/d6/12/yxne8mMD_o.png,https://images2.imgbox.com/5c/36/gbDKf6Y7_o.png,http://www.spacex.com/news/2013/02/12/falcon-9-flight-1,https://en.wikipedia.org/wiki/Dragon_Spacecraft_Qualification_Unit,https://www.youtube.com/watch?v=nxSxgBKlYws,,2010-03-13T00:00:00.000Z,,,,,,,,,,,,,,,,,,,,36595,2010-06-04T20:04:51.000Z,16.06552645,41.2862,http://forum.nasaspaceflight.com/index.php?action=dlattach;topic=21869.0;attach=230821,,,,,,,,,,,,,,,,,,,,,,,,,,,,,,,,,,,,,,,,
7,COTS 1,false,2010,1291822980,2010-12-08T15:43:00.000Z,2010-12-08T11:43:00-04:00,falcon9,Falcon 9,v1.0,B0004,1,1,false,false,,,1,COTS Demo Flight 1,false,NASA(COTS),United States,SpaceX,Dragon 1.0,,,LEO,geocentric,low-earth,,6672.063,0.0021812,279.375,308.481,34.5447,90.396,,,false,false,false,false,false,ccafs_slc_40,CCAFS SLC 40,Cape Canaveral Air Force Station Space Launch Complex 40,true,https://images2.imgbox.com/00/2f/FhtEd0nB_o.png,https://images2.imgbox.com/d9/3e/FfrN88ry_o.png,https://en.wikipedia.org/wiki/SpaceX_COTS_Demo_Flight_1,https://en.wikipedia.org/wiki/SpaceX_COTS_Demo_Flight_1,https://www.youtube.com/watch?v=Q-ci9xIgNZM,,2010-12-04T00:00:00.000Z,Cubesats,false,NRO,,,Satellite,,,LEO,geocentric,low-earth,,,,,,,,0,37244,2010-12-08T15:34:03.000Z,15.9298967,180.7668,http://www.spacex.com/files/downloads/cots1-20101206.pdf,C101,,,,,,,,,,,,,,,,,,,,,,,,,,,,,,,,,,,,,,,
8,COTS 2,false,2012,1335944640,2012-05-22T07:44:00.000Z,2012-05-22T03:44:00-04:00,falcon9,Falcon 9,v1.0,B0005,1,1,false,,,,1,COTS Demo Flight 2,false,NASA(COTS),United States,SpaceX,Dragon 1.0,525,1157,LEO,geocentric,low-earth,,6711.684,0.0057963,294.646,372.452,51.6726,91.202,,,false,false,false,false,false,ccafs_slc_40,CCAFS SLC 40,Cape Canaveral Air Force Station Space Launch Complex 40,true,https://images2.imgbox.com/2b/8e/MYyHbnd2_o.png,https://images2.imgbox.com/fc/7a/r9ITwL12_o.png,https://en.wikipedia.org/wiki/Dragon_C2%2B,https://en.wikipedia.org/wiki/Dragon_C2%2B,https://www.youtube.com/watch?v=tpQzDbAY7yI,"Launch was scrubbed on first attempt, second launch attempt was successful",2012-04-30T00:00:00.000Z,,,,,,,,,,,,,,,,,,,,38348,2012-05-22T09:12:31.000Z,15.78904505,251.5418,https://www.nasa.gov/pdf/649910main_cots2_presskit_051412.pdf,C102,,,,,,,,,,,,,,,,,,,,,,,,,,,,,,,,,,,,,,,
9,CRS-1,false,2012,1349656500,2012-10-08T00:35:00.000Z,2012-10-08T20:35:00-04:00,falcon9,Falcon 9,v1.0,B0006,1,1,false,,,,1,SpaceX CRS-1,false,NASA (CRS),United States,SpaceX,Dragon 1.0,400,881,ISS,geocentric,low-earth,,6643.164,0.0092222,203.764,326.293,51.6539,89.809,,,false,false,false,false,false,ccafs_slc_40,CCAFS SLC 40,Cape Canaveral Air Force Station Space Launch Complex 40,true,https://images2.imgbox.com/52/09/eNvilptL_o.png,https://images2.imgbox.com/0b/33/2eLGEejP_o.png,https://www.nasa.gov/mission_pages/station/main/spacex-crs1-target.html,https://en.wikipedia.org/wiki/SpaceX_CRS-1,https://www.youtube.com/watch?v=-Vk3hiV_zXU,"CRS-1 successful, but the secondary payload was inserted into abnormally low orbit and lost due to Falcon 9 boost stage engine failure, ISS visiting vehicle safety rules, and the primary payload owner's contractual right to decline a second ignition of the second stage under some conditions.",2012-09-29T00:00:00.000Z,Orbcomm-OG2,false,Orbcomm,,,Dragon 1.0,400,881,LEO,geocentric,low-earth,,,,,,45,,5,38846,2012-10-08T00:31:33.000Z,16.03395683,281.4248,https://www.nasa.gov/pdf/694166main_SpaceXCRS-1PressKit.pdf,C103,905,1995,1728000,https://en.wikipedia.org/wiki/SpaceX_CRS-1#Payload,,,,,,,,,,,,,,,,,,,,,,,,,,,,,,,,,,,
10,CRS-2,false,2013,1362165000,2013-03-01T19:10:00.000Z,2013-03-01T15:10:00-04:00,falcon9,Falcon 9,v1.0,B0007,1,1,false,,,,1,SpaceX CRS-2,false,NASA (CRS),United States,SpaceX,Dragon 1.0,677,1492,ISS,geocentric,low-earth,,6640.79,0.0089419,203.274,322.036,51.6797,89.761,,,false,false,false,false,false,ccafs_slc_40,CCAFS SLC 40,Cape Canaveral Air Force Station Space Launch Complex 40,true,https://images2.imgbox.com/ef/39/FyZRYeOh_o.png,https://images2.imgbox.com/1b/b6/Z4oktZeR_o.png,https://en.wikipedia.org/wiki/SpaceX_CRS-2,https://en.wikipedia.org/wiki/SpaceX_CRS-2,https://www.youtube.com/watch?v=BqCELhkXtsY,Last launch of the original Falcon 9 v1.0 launch vehicle,2013-02-25T18:30:00.000Z,,,,,,,,,,,,,,,,,,,,39115,2013-03-01T20:19:32.000Z,16.04255447,281.5076,https://www.nasa.gov/sites/default/files/files/Orb2_PRESS_KIT.pdf,C104,1370,3020,2160000,https://en.wikipedia.org/wiki/SpaceX_CRS-2#Payload,,https://www.reddit.com/r/space/comments/19gm5f/live_coverage_spacex_crs2_launch_to_the_iss/c8nvah4,,,,,,,,,,,,,,,,,,,,,,,,,,,,,,,,,
11,CASSIOPE,false,2013,1380470400,2013-09-29T16:00:00.000Z,2013-09-29T09:00:00-07:00,falcon9,Falcon 9,v1.1,B1003,1,1,false,false,Ocean,,1,CASSIOPE,false,MDA,Canada,MDA,Satellite,500,1100,PO,geocentric,low-earth,,7179.036,0.075092,261.813,1339.989,80.9622,100.892,2,,false,false,false,false,false,vafb_slc_4e,VAFB SLC 4E,Vandenberg Air Force Base Space Launch Complex 4E,true,https://images2.imgbox.com/89/bc/JcbcvuBI_o.png,https://images2.imgbox.com/91/27/VhC1TTYN_o.png,http://www.parabolicarc.com/2013/09/29/falcon-9-launch-payloads-orbit-vandenberg/,https://en.wikipedia.org/wiki/CASSIOPE,https://www.youtube.com/watch?v=uFefasS6bhc,"Commercial mission and first Falcon 9 v1.1 flight, with improved 13-tonne to LEO capacity. Following second-stage separation from the first stage, an attempt was made to perform an ocean touchdown test of the discarded booster vehicle. The test provided good test data on the experiment-its primary objective-but as the booster neared the ocean, aerodynamic forces caused an uncontrollable roll. The center engine, depleted of fuel by centrifugal force, shut down resulting in the impact and destruction of the vehicle.",2013-09-19T00:00:00.000Z,,,,,,,,,,,,,,,,,,,,39265,2013-09-29T17:40:44.000Z,14.27262824,315.4765,https://spaceflightnow.com/falcon9/006/UpgradedF9DemoMission_PressKit.pdf,,,,,,,http://www.reddit.com/r/spacex/comments/1ndlay,,,,,,,,,,,,,,,,,,,,,,,,,,,,,,,,,
12,SES-8,false,2013,1386110460,2013-12-03T22:41:00.000Z,2013-12-03T18:41:00-04:00,falcon9,Falcon 9,v1.1,B1004,1,1,false,,,,1,SES-8,false,SES,Luxembourg,Orbital ATK,Satellite,3170,6990,GTO,geocentric,geostationary,95,46135.726,0.8533928,385.694,79129.487,20.5387,1643.672,15,,false,false,false,false,false,ccafs_slc_40,CCAFS SLC 40,Cape Canaveral Air Force Station Space Launch Complex 40,true,https://images2.imgbox.com/b5/1d/46Eo0yuu_o.png,https://images2.imgbox.com/42/b0/vP0sk3d5_o.png,https://www.nasaspaceflight.com/2013/12/spacex-falcon-9-v1-1-milestone-ses-8-launch/,https://en.wikipedia.org/wiki/SES-8,https://www.youtube.com/watch?v=aAj5xapImEs,First GTO launch for Falcon 9,2013-11-22T06:26:00.000Z,,,,,,,,,,,,,,,,,,,,39460,2013-12-03T06:29:52.000Z,0.8760868,242.8672,http://www.spacex.com/sites/spacex/files/spacex_ses-8launch_presskit.pdf,,,,,,,http://www.reddit.com/r/spacex/comments/1ryy1n,,,,,,,,,,,,,,,,,,,,,,,,,,,,,,,,,
13,Thaicom 6,false,2014,1389031560,2014-01-06T18:06:00.000Z,2014-01-06T14:06:00-04:00,falcon9,Falcon 9,v1.1,B1005,1,1,false,,,,1,Thaicom 6,false,Thaicom,Thailand,Orbital ATK,Satellite,3325,7330,GTO,geocentric,geostationary,78.5,53191.47,0.8705122,509.511,93117.159,22.462,2034.802,15,,false,false,false,false,false,ccafs_slc_40,CCAFS SLC 40,Cape Canaveral Air Force Station Space Launch Complex 40,true,https://images2.imgbox.com/37/c4/jRAk115c_o.png,https://images2.imgbox.com/d8/6d/fnqIBEJh_o.png,http://spacenews.com/38959spacex-delivers-thaicom-6-satellite-to-orbit/,https://en.wikipedia.org/wiki/Thaicom_6,https://www.youtube.com/watch?v=DjpUf__4vPA,"Second GTO launch for Falcon 9. The USAF evaluated launch data from this flight as part of a separate certification program for SpaceX to qualify to fly U.S. military payloads and found that the Thaicom 6 launch had ""unacceptable fuel reserves at engine cutoff of the stage 2 second burnoff""",2013-12-28T00:00:00.000Z,,,,,,,,,,,,,,,,,,,,39500,2014-01-06T23:43:44.000Z,0.70768531,267.5087,http://www.spacex.com/sites/spacex/files/spacex_thaicom6_presskit.pdf,,,,,,,http://www.reddit.com/r/spacex/comments/1ujoc0,,,,,,,,,,,,,,,,,,,,,,,,,,,,,,,,,
14,CRS-3,false,2014,1397849100,2014-04-18T19:25:00.000Z,2014-04-18T15:25:00-04:00,falcon9,Falcon 9,v1.1,B1006,1,1,false,true,Ocean,,1,SpaceX CRS-3,false,NASA (CRS),United States,SpaceX,Dragon 1.1,2296,5062,ISS,geocentric,low-earth,,6700.881,0.0013819,313.486,332.006,51.6429,90.982,,,false,false,false,false,false,ccafs_slc_40,CCAFS SLC 40,Cape Canaveral Air Force Station Space Launch Complex 40,true,https://images2.imgbox.com/ff/81/EOWojaSj_o.png,https://images2.imgbox.com/a0/cb/s1h2RuR0_o.png,https://newatlas.com/crs-3-launch-spacex/31671/,https://en.wikipedia.org/wiki/SpaceX_CRS-3,https://www.youtube.com/watch?v=65zDaDSvIww,"Following second-stage separation, SpaceX conducted a second controlled-descent test of the discarded booster vehicle and achieved the first successful controlled ocean touchdown of a liquid-rocket-engine orbital booster. Following touchdown the first stage tipped over as expected and was destroyed. This was the first Falcon 9 booster to fly with extensible landing legs and the first Dragon mission with the Falcon 9 v1.1 launch vehicle.",2014-03-08T00:00:00.000Z,,,,,,,,,,,,,,,,,,,,39680,2014-04-18T19:40:03.000Z,15.82724147,34.0918,http://www.spacex.com/sites/spacex/files/spacexcrs-3_presskit_042014.pdf,C105,1600,3500,2592000,https://en.wikipedia.org/wiki/SpaceX_CRS-3#Primary_payload_and_downmass,,http://www.reddit.com/r/spacex/comments/22zo8c,,,,,,,,,,,,,,,,,,,,,,,,,,,,,,,,,
15,OG-2 Mission 1,false,2014,1405350900,2014-07-14T15:15:00.000Z,2014-07-14T11:15:00-04:00,falcon9,Falcon 9,v1.1,B1007,1,1,false,true,Ocean,,1,Orbcomm-OG2-M1,false,Orbcomm,United States,Boeing,Satellite,1316,2901,LEO,geocentric,low-earth,,6641.01,0.0090712,202.633,323.117,51.6528,89.765,5,,false,false,false,false,false,ccafs_slc_40,CCAFS SLC 40,Cape Canaveral Air Force Station Space Launch Complex 40,true,https://images2.imgbox.com/4d/ed/CHXoRaSP_o.png,https://images2.imgbox.com/a7/b4/bcMrHMey_o.png,https://www.orbcomm.com/en/networks/satellite/orbcomm-og2,https://en.wikipedia.org/wiki/Falcon_9_flight_10,https://www.youtube.com/watch?v=lbHnSu-DLR4,"Total payload mass was 1,316 kg (2,901 lb) : 6 satellites weighing 172 kg each, plus two 142-kg mass simulators. This was the second Falcon 9 booster equipped with landing legs. Following second-stage separation, SpaceX conducted a controlled-descent test of the first stage, which successfully decelerated from hypersonic velocity in the upper atmosphere, made reentry and landing burns, deployed its legs and touched down on the ocean surface. As with the previous mission, the first stage then tipped over as expected and was not recovered.",2015-12-19T04:57:00.000Z,,,,,,,,,,,,,,,,,,,,38847,2012-10-08T03:42:59.000Z,16.04175555,280.7278,http://www.spacex.com/sites/spacex/files/spacex_orbcomm_presskit_final.pdf,,,,,,,http://www.reddit.com/r/spacex/comments/2aany2,,,,,,,,,,,,,,,,,,,,,,,,,,,,,,,,,
16,AsiaSat 8,false,2014,1407225600,2014-08-05T08:00:00.000Z,2014-08-05T04:00:00-04:00,falcon9,Falcon 9,v1.1,B1008,1,1,false,,,,1,AsiaSat 8,false,AsiaSat,Hong Kong,SSL,Satellite,4535,9998,GTO,geocentric,geostationary,105.5,24385.457,0.7302953,198.737,35815.907,24.3518,631.619,15,,false,false,false,false,false,ccafs_slc_40,CCAFS SLC 40,Cape Canaveral Air Force Station Space Launch Complex 40,true,https://images2.imgbox.com/5a/ab/8IzvDOzc_o.png,https://images2.imgbox.com/bf/12/oSP2EwNz_o.png,http://spacenews.com/41497spacex-launches-first-of-two-satellites-for-asiasat/,https://en.wikipedia.org/wiki/AsiaSat_8,https://www.youtube.com/watch?v=essrkMGlw5s,,2014-07-31T23:35:15.000Z,,,,,,,,,,,,,,,,,,,,40107,2014-08-05T03:06:42.000Z,2.27985284,263.7991,https://spaceflightnow.com/falcon9/011/presskit.pdf,,,,,,,http://www.reddit.com/r/spacex/comments/2fenrv,,,,,,,,,,,,,,,,,,,,,,,,,,,,,,,,,
17,AsiaSat 6,false,2014,1410066000,2014-09-07T05:00:00.000Z,2014-09-07T01:00:00-04:00,falcon9,Falcon 9,v1.1,B1011,1,1,false,,,,1,AsiaSat 6,false,AsiaSat,Hong Kong,SSL,Satellite,4428,9762,GTO,geocentric,geostationary,120,24331.331,0.7315243,154.236,35752.157,25.389,629.517,15,,false,false,false,false,false,ccafs_slc_40,CCAFS SLC 40,Cape Canaveral Air Force Station Space Launch Complex 40,true,https://images2.imgbox.com/57/6a/upI6gwfq_o.png,https://images2.imgbox.com/6f/c0/D3Owbmpo_o.png,https://www.space.com/27052-spacex-launches-asiasat6-satellite.html,https://en.wikipedia.org/wiki/AsiaSat_6,https://www.youtube.com/watch?v=39ninsyTRk8,,2014-08-22T23:51:18.000Z,,,,,,,,,,,,,,,,,,,,40141,2014-09-07T00:11:58.000Z,2.28746447,252.2797,https://www.spaceflightnow.com/falcon9/012/presskit.pdf,,,,,,,http://www.reddit.com/r/spacex/comments/2fenrv,,,,,,,,,,,,,,,,,,,,,,,,,,,,,,,,,
18,CRS-4,false,2014,1411278720,2014-09-21T05:52:00.000Z,2014-09-21T01:52:00-04:00,falcon9,Falcon 9,v1.1,B1010,1,1,false,false,Ocean,,1,SpaceX CRS-4,true,NASA (CRS),United States,SpaceX,Dragon 1.1,2216,4885,ISS,geocentric,low-earth,,6657.288,0.0113888,203.334,354.971,51.6518,90.095,,,false,false,false,false,false,ccafs_slc_40,CCAFS SLC 40,Cape Canaveral Air Force Station Space Launch Complex 40,true,https://images2.imgbox.com/0d/e8/tfdeNslS_o.png,https://images2.imgbox.com/b4/28/cQwcs8qz_o.png,https://www.nasa.gov/press/2014/september/nasa-cargo-launches-to-space-station-aboard-spacex-resupply-mission-0,https://en.wikipedia.org/wiki/SpaceX_CRS-4,https://www.youtube.com/watch?v=7YkCh7uOw1Y,,2014-09-17T00:00:00.000Z,,,,,,,,,,,,,,,,,,,,40210,2014-09-21T05:48:51.000Z,15.98295763,344.0345,https://www.nasa.gov/sites/default/files/files/SpaceX_NASA_CRS-4_PressKit.pdf,C106,1486,3276,2987160,https://www.nasa.gov/sites/default/files/files/SpaceX_CRS-4_Mission_Overview-1.pdf,,http://www.reddit.com/r/spacex/comments/2grxer,,,,,,,,,,,,,,,,,,,,,,,,,,,,,,,,,
19,CRS-5,false,2015,1420883220,2015-01-10T09:47:00.000Z,2015-01-10T05:47:00-04:00,falcon9,Falcon 9,v1.1,B1012,1,1,false,false,ASDS,JRTI,1,SpaceX CRS-5,false,NASA (CRS),United States,SpaceX,Dragon 1.1,2395,5280,ISS,geocentric,low-earth,,6656.902,0.0109236,206.049,351.484,51.6369,90.088,,,false,false,false,false,false,ccafs_slc_40,CCAFS SLC 40,Cape Canaveral Air Force Station Space Launch Complex 40,true,https://images2.imgbox.com/fe/5a/WyQS4MXa_o.png,https://images2.imgbox.com/25/b6/RhNppyL3_o.png,https://spaceflightnow.com/2015/01/10/dragon-successfully-launched-rocket-recovery-demo-crash-lands/,https://en.wikipedia.org/wiki/SpaceX_CRS-5,https://www.youtube.com/watch?v=p7x-SumbynI,"Following second stage separation, SpaceX performed a test flight which attempted to return the first stage of the Falcon 9 through the atmosphere and land it on an approximately 90-by-50-meter (300 ft x 160 ft) floating platform-called the autonomous spaceport drone ship. Many of the test objectives were achieved, including precision control of the rocket's descent to land on the platform at a specific point in the Atlantic ocean, and a large amount of test data was obtained from the first use of grid fin control surfaces used for more precise reentry positioning. The grid fin control system ran out of hydraulic fluid a minute before landing and the landing itself resulted in a crash.",2018-06-23T21:30:00.000Z,,,,,,,,,,,,,,,,,,,,40370,2015-01-10T09:44:04.000Z,15.98433248,152.0013,http://www.spacex.com/sites/spacex/files/spacex_nasa_crs-5_presskit.pdf,C107,1633,3600,2764800,https://www.nasa.gov/sites/default/files/files/SpaceX_CRS-5_factsheet.pdf,,http://www.reddit.com/r/spacex/comments/2rrdha,,,,,,,,,,,,,,,,,,,,,,,,,,,,,,,,,
20,DSCOVR,false,2015,1423695780,2015-02-11T23:03:00.000Z,2015-02-11T19:03:00-04:00,falcon9,Falcon 9,v1.1,B1013,1,1,false,true,Ocean,,1,DSCOVR,false,NASA,United States,Sierra Nevada,Satellite,570,1260,ES-L1,heliocentric,L1-point,,,,,,,,5,,false,false,false,false,false,ccafs_slc_40,CCAFS SLC 40,Cape Canaveral Air Force Station Space Launch Complex 40,true,https://images2.imgbox.com/ec/a0/kTPQRyzt_o.png,https://images2.imgbox.com/63/c5/0OIpD59z_o.png,https://spaceflightnow.com/2015/02/12/space-weather-observatory-blasts-off-after-17-year-wait/,https://en.wikipedia.org/wiki/Deep_Space_Climate_Observatory,https://www.youtube.com/watch?v=OvHJSIKP0Hg,First launch under USAF's OSP 3 launch contract. First SpaceX launch to put a satellite to an orbit with an orbital altitude many times the distance to the Moon: Sun-Earth libration point L1. The first stage made a test flight descent to an over-ocean landing within 10 m (33 ft) of its intended target.,2015-01-31T00:00:00.000Z,,,,,,,,,,,,,,,,,,,,40390,,,,http://www.spacex.com/press/2015/02/11/dscovr-launch-update,,,,,,,http://www.reddit.com/r/spacex/comments/2vjm9e,,,NOAA,USAF,,,,,,,,,,,,,,,,,,,,,,,,,,,,,
21,ABS-3A / Eutelsat 115W B,false,2015,1425268200,2015-03-02T03:50:00.000Z,2015-03-02T23:50:00-04:00,falcon9,Falcon 9,v1.1,B1014,1,1,false,,,,1,ABS-3A,false,ABS,Hong Kong,Boeing,Satellite,1954,4307,GTO,geocentric,geostationary,-3,38300.398,0.823237,391.958,63452.568,24.8225,1243.267,15,,false,false,false,false,false,ccafs_slc_40,CCAFS SLC 40,Cape Canaveral Air Force Station Space Launch Complex 40,true,https://images2.imgbox.com/78/82/H9gthFmK_o.png,https://images2.imgbox.com/20/10/sqPgZfej_o.png,https://www.space.com/28702-spacex-rocket-launches-satellites-video.html,https://en.wikipedia.org/wiki/ABS-3A,https://www.youtube.com/watch?v=mN7lyaCBzT8,"The launch was Boeing's first-ever conjoined launch of a lighter-weight dual-commsat stack that was specifically designed to take advantage of the lower-cost SpaceX Falcon 9 launch vehicle. Per satellite, launch costs were less than $30 million. The ABS satellite reached its final destination ahead of schedule and started operations on September 10.",2015-02-25T19:10:00.000Z,Eutelsat 115 West B,false,Eutelsat,France,Boeing,Satellite,2205,4861,GTO,geocentric,geostationary,-114.9,38229.726,0.8237676,359.181,63344.002,24.9783,1239.828,15,40424,2015-03-02T23:19:45.000Z,1.15823802,49.0886,http://www.spacex.com/sites/spacex/files/abs-eutelsatfactsheet.pdf,,,,,,,http://www.reddit.com/r/spacex/comments/2x81fc,,https://www.reddit.com/r/spacex/comments/2xmumx,,,40425,2015-03-02T23:19:47.000Z,1.16145119,49.3345,,,,,,,,,,,,,,,,,,,,,,,,,
22,CRS-6,false,2015,1429042200,2015-04-14T20:10:00.000Z,2015-04-14T16:10:00-04:00,falcon9,Falcon 9,v1.1,B1015,1,1,false,false,ASDS,JRTI,1,SpaceX CRS-6,false,NASA (CRS),United States,SpaceX,Dragon 1.1,1898,4184,ISS,geocentric,low-earth,,6661.265,0.0116467,205.548,360.711,51.6488,90.176,,,false,false,false,false,false,ccafs_slc_40,CCAFS SLC 40,Cape Canaveral Air Force Station Space Launch Complex 40,true,https://images2.imgbox.com/e4/9f/GRP89UBo_o.png,https://images2.imgbox.com/3d/55/kbVulokl_o.png,https://spaceflightnow.com/2015/04/14/falcon-9-successfully-launches-descends-to-off-balance-landing/,https://en.wikipedia.org/wiki/SpaceX_CRS-6,https://www.youtube.com/watch?v=csVpa25iqH0,"Following the first-stage boost, SpaceX attempted a controlled-descent test of the first stage. The first stage contacted the ship, but soon tipped over due to excess lateral velocity caused by a stuck throttle valve resulting in a later-than-intended downthrottle.",2015-04-11T00:00:00.000Z,,,,,,,,,,,,,,,,,,,,40588,2015-04-14T20:35:14.000Z,15.96863068,40.8878,https://www.nasa.gov/sites/default/files/files/SpaceX_NASA_CRS-6_PressKit.pdf,C108,1361,3000,3110400,https://blogs.nasa.gov/spacex/wp-content/uploads/sites/227/2015/04/SpaceX_CRS-6_Mission_Overview.pdf,,https://www.reddit.com/r/spacex/comments/32jnyd,,https://www.reddit.com/r/spacex/comments/32lw5y,,,,,,,,,,,,,,,,,,,,,,,,,,,,,,,
23,TürkmenÄlem 52°E / MonacoSAT,false,2015,1430175780,2015-04-27T23:03:00.000Z,2015-04-27T19:03:00-04:00,falcon9,Falcon 9,v1.1,B1016,1,1,false,,,,1,TürkmenÄlem 52°E / MonacoSAT,false,Turkmenistan National Space Agency,Turkmenistan,Thales Alenia Space,Satellite,4707,10377,GTO,geocentric,geostationary,52,24185.892,0.7275387,211.584,35403.929,25.4792,623.882,15,,false,false,false,false,false,ccafs_slc_40,CCAFS SLC 40,Cape Canaveral Air Force Station Space Launch Complex 40,true,https://images2.imgbox.com/7a/99/RLkM4sNw_o.png,https://images2.imgbox.com/c9/35/VNpbqUPb_o.png,https://spaceflightnow.com/2015/04/28/falcon-9-rocket-powers-into-space-with-satellite-for-turkmenistan/,https://en.wikipedia.org/wiki/T%C3%BCrkmen%C3%84lem_52%C2%B0E_/_MonacoSAT,https://www.youtube.com/watch?v=nBwAYT_ogj4,,2015-04-22T11:11:00.000Z,,,,,,,,,,,,,,,,,,,,40617,2015-04-27T18:26:45.000Z,2.30812637,31.8949,http://www.spacex.com/sites/spacex/files/spacexthalesfactsheet_final.pdf,,,,,,,https://www.reddit.com/r/spacex/comments/33xqcj,,https://www.reddit.com/r/spacex/comments/3439s3,,,,,,,,,,,,,,,,,,,,,,,,,,,,,,,
24,CRS-7,false,2015,1435501260,2015-06-28T14:21:00.000Z,2015-06-28T10:21:00-04:00,falcon9,Falcon 9,v1.1,B1018,1,1,false,,ASDS,,1,SpaceX CRS-7,false,NASA (CRS),United States,SpaceX,Dragon 1.1,2477,5460.9,ISS,geocentric,low-earth,,,,,,51.6,,,,false,false,false,false,false,ccafs_slc_40,CCAFS SLC 40,Cape Canaveral Air Force Station Space Launch Complex 40,false,https://images2.imgbox.com/47/39/stH98Qy1_o.png,https://images2.imgbox.com/d0/22/gyTVYo21_o.png,https://spaceflightnow.com/2015/06/28/falcon-9-rocket-destroyed-in-launch-mishap/,https://en.wikipedia.org/wiki/SpaceX_CRS-7,https://www.youtube.com/watch?v=PuNymhcTtSQ,"Launch performance was nominal until an overpressure incident in the second-stage LOX tank, leading to vehicle breakup at T+150 seconds. The Dragon capsule survived the explosion but was lost upon splashdown because its software did not contain provisions for parachute deployment on launch vehicle failure.",2015-06-26T05:00:00.000Z,,,,,,,,,,,,,,,,,,,,,,,,https://www.nasa.gov/sites/default/files/atoms/files/spacex_nasa_crs-7_presskit.pdf,C109,,,139,https://www.nasa.gov/sites/default/files/atoms/files/spacex_crs-7_mission_overview.pdf,,https://www.reddit.com/r/spacex/comments/3b27hk,,https://www.reddit.com/r/spacex/comments/3berj3,,,,,,,,,,,,,,,,,,,,,,,,,,,,,,,
25,OG-2 Mission 2,false,2015,1450747740,2015-12-22T01:29:00.000Z,2015-12-22T21:29:00-04:00,falcon9,Falcon 9,FT,B1019,1,1,false,true,RTLS,LZ-1,1,Orbcomm-OG2-M2,true,Orbcomm,United States,Boeing,Satellite,2034,4484,LEO,geocentric,low-earth,,,,,,45,,5,https://www.flightclub.io/results/?code=OG22,false,false,false,false,false,ccafs_slc_40,CCAFS SLC 40,Cape Canaveral Air Force Station Space Launch Complex 40,true,https://images2.imgbox.com/65/a5/8iNE9T6Y_o.png,https://images2.imgbox.com/89/e8/5eeThzqZ_o.png,https://spaceflightnow.com/2015/12/22/round-trip-rocket-flight-gives-spacex-a-trifecta-of-successes/,https://en.wikipedia.org/wiki/Falcon_9_flight_20,https://www.youtube.com/watch?v=O5bTbVbe4e4,"Total payload mass was 2,034 kg (4,484 lb) : 11 satellites weighing 172 kg each, plus a 142-kg mass simulator. This was the first launch of the upgraded v1.1 variant (later called Falcon 9 Full Thrust), with a 30 percent power increase. Orbcomm had originally agreed to be the third flight of the enhanced-thrust rocket, but the change to the maiden flight position was announced in October 2015. SpaceX received a permit from the FAA to land the booster on solid ground at Cape Canaveral, and succeeded.",2015-12-19T00:09:00.000Z,,,,,,,,,,,,,,,,,,,,38847,,,,http://www.spacex.com/sites/spacex/files/spacex_orbcomm_press_kit_final2.pdf,,,,,,,https://www.reddit.com/r/spacex/comments/3xgxh5,,https://www.reddit.com/r/spacex/comments/3xm83h/,,,,,,,,,,,,,,,,,,,,,,,,,,,,,,,
26,Jason 3,false,2016,1453045320,2016-01-17T15:42:00.000Z,2016-01-17T08:42:00-07:00,falcon9,Falcon 9,FT,B1017,1,1,false,false,ASDS,JRTI,1,Jason-3,false,NASA,United States,Thales Alenia Space,Satellite,553,1219,PO,geocentric,low-earth,,7685.87,0.0016419,1295.115,1320.354,66.0451,111.763,5,https://www.flightclub.io/results/?code=JSN3,false,false,false,false,false,vafb_slc_4e,VAFB SLC 4E,Vandenberg Air Force Base Space Launch Complex 4E,true,https://images2.imgbox.com/71/59/j489OwAI_o.png,https://images2.imgbox.com/72/f2/uK9vYzvk_o.png,https://spaceflightnow.com/2016/01/18/satellite-launched-to-measure-motions-of-the-oceans/,https://en.wikipedia.org/wiki/Jason-3,https://www.youtube.com/watch?v=ivdKRJzl6y0,"First launch of NASA and NOAA joint science mission under the NLS II launch contract (not related to NASA CRS or USAF OSP3 contracts). Last launch of the original Falcon 9 v1.1 launch vehicle. The Jason-3 satellite was successfully deployed to target orbit. SpaceX again attempted a recovery of the first stage booster by landing on an autonomous drone ship; this time located in the Pacific Ocean. The first stage did achieve a soft-landing on the ship, but a lockout on one of the landing legs failed to latch, so that the booster fell over and exploded.",2016-01-11T18:42:00.000Z,,,,,,,,,,,,,,,,,,,,41240,2016-01-17T20:22:02.000Z,12.88437011,114.8369,http://www.spacex.com/sites/spacex/files/spacex_jason3_press_kit.pdf,,,,,,,https://www.reddit.com/r/spacex/comments/417weg,,https://www.reddit.com/r/spacex/comments/41cvdm,NOAA,,,,,,,,,,,,,,,,,,,,,,,,,,,,,,
27,SES-9,false,2016,1457134500,2016-03-04T23:35:00.000Z,2016-03-04T19:35:00-04:00,falcon9,Falcon 9,FT,B1020,1,1,false,false,ASDS,OCISLY,1,SES-9,false,SES,Luxembourg,Boeing,Satellite,5271,11621,GTO,geocentric,geostationary,108.2,26869.358,0.7501818,334.319,40648.127,27.9629,730.542,15,https://www.flightclub.io/results/?code=SES9,false,false,false,false,false,ccafs_slc_40,CCAFS SLC 40,Cape Canaveral Air Force Station Space Launch Complex 40,true,https://images2.imgbox.com/f6/aa/xDtGo0WJ_o.png,https://images2.imgbox.com/fa/ef/4FBvVReu_o.png,https://spaceflightnow.com/2016/03/05/tv-broadcasting-satellite-finally-launched-on-falcon-9/,https://en.wikipedia.org/wiki/SES-9,https://www.youtube.com/watch?v=muDPSyO7-A0,"Second launch of the enhanced Falcon 9 Full Thrust launch vehicle. Following the launch, SpaceX attempted an experimental landing test to a drone ship, although a successful landing was not expected because launch mass exceeded previously indicated limit for a GTO there was little fuel left. As predicted, booster recovery failed: the spent first stage ""landed hard"", but the controlled-descent, atmospheric re-entry and navigation to the drone ship were successful and returned significant test data on bringing back high-energy Falcon 9s.",2016-10-02T14:11:00.000Z,,,,,,,,,,,,,,,,,,,,41380,2016-03-04T18:15:53.000Z,1.97113701,347.8159,http://www.spacex.com/sites/spacex/files/spacex_ses9_press_kit_final.pdf,,,,,,,https://www.reddit.com/r/spacex/comments/48u4yq,,https://www.reddit.com/r/spacex/comments/472k8c,,,,,,,,,,,,,,,,,,,,,,,,,,,,,,,
28,CRS-8,false,2016,1460148180,2016-04-08T20:43:00.000Z,2016-04-08T16:43:00-04:00,falcon9,Falcon 9,FT,B1021,1,2,false,true,ASDS,OCISLY,2,SpaceX CRS-8,false,NASA (CRS),United States,SpaceX,Dragon 1.1,3136,6914,ISS,geocentric,low-earth,,6659.721,0.0108437,209.37,353.802,51.6569,90.145,,https://www.flightclub.io/results/?code=CRS8,false,false,false,false,false,ccafs_slc_40,CCAFS SLC 40,Cape Canaveral Air Force Station Space Launch Complex 40,true,https://images2.imgbox.com/1b/f0/tyNDMK5j_o.png,https://images2.imgbox.com/49/2a/gkSR50yc_o.png,https://spaceflightnow.com/2016/04/08/spacex-lands-rocket-on-floating-platform-after-station-resupply-launch/,https://en.wikipedia.org/wiki/SpaceX_CRS-8,https://www.youtube.com/watch?v=7pUAydjne5M,"Dragon carried over 1500 kg of supplies and delivered (stowed in its trunk) the inflatable Bigelow Expandable Activity Module (BEAM) to the ISS for two years of in-orbit tests. The rocket's first stage landed smoothly on SpaceX's autonomous spaceport drone ship 9 minutes after liftoff, making this the first ever successful landing of a rocket booster on a ship at sea as part of an orbital launch. The first stage B1021 was later also the first orbital booster to be used again, when launching SES-10 on March 30, 2017.",2016-04-05T00:00:00.000Z,,,,,,,,,,,,,,,,,,,,41452,2016-04-08T21:07:36.000Z,15.9741849,43.9641,http://www.spacex.com/sites/spacex/files/spacex_crs8_press_kit.pdf,C110,1678,3700,2843280,https://www.nasa.gov/sites/default/files/atoms/files/spacex_crs-8_mission_overview.pdf,,https://www.reddit.com/r/spacex/comments/4dtoly,https://www.reddit.com/r/spacex/comments/4ee2zy,https://www.reddit.com/r/spacex/comments/4dtpxn/,,,,,,,,,,,,,,,,,,,,,,,,,,,,,,,
29,JCSAT-2B,false,2016,1462512060,2016-05-06T05:21:00.000Z,2016-05-06T01:21:00-04:00,falcon9,Falcon 9,FT,B1022,1,2,false,true,ASDS,OCISLY,2,JCSAT-2B,false,SKY Perfect JSAT Group,Japan,SSL,Satellite,4696,10353,GTO,geocentric,geostationary,154,24450.844,0.7314262,188.721,35956.698,23.6988,634.162,15,https://www.flightclub.io/results/?code=JC14,false,false,false,false,false,ccafs_slc_40,CCAFS SLC 40,Cape Canaveral Air Force Station Space Launch Complex 40,true,https://images2.imgbox.com/84/40/ddJiuhNV_o.png,https://images2.imgbox.com/87/c9/qViUTdt5_o.png,https://spaceflightnow.com/2016/05/06/falcon-9-succeeds-in-middle-of-the-night-launch/,https://en.wikipedia.org/wiki/JCSAT-2B,https://www.youtube.com/watch?v=L0bMeDj76ig,"Launched the JCSAT 14 communications satellite for Tokyo-based SKY Perfect JSAT Corp. JCSAT 14 will support data networks, television broadcasters and mobile communications users in Japan, East Asia, Russia, Oceania, Hawaii and other Pacific islands. This was the first time a booster successfully landed after a GTO mission.",2016-05-01T21:32:00.000Z,,,,,,,,,,,,,,,,,,,,41471,2016-05-06T00:43:04.000Z,2.2707115,134.5081,http://www.spacex.com/sites/spacex/files/spacex_jcsat_press_kit_final.pdf,,,,,,https://www.reddit.com/r/spacex/comments/4gyh8z,https://www.reddit.com/r/spacex/comments/4htenu,https://www.reddit.com/r/spacex/comments/4ihp1p,https://www.reddit.com/r/spacex/comments/4htg2g,,,,,,,,,,,,,,,,,,,,,,,,,,,,,,,
30,Thaicom 8,false,2016,1464385140,2016-05-27T21:39:00.000Z,2016-05-27T17:39:00-04:00,falcon9,Falcon 9,FT,B1023,1,2,false,true,ASDS,OCISLY,2,Thaicom 8,false,Thaicom,Thailand,Orbital ATK,Satellite,3100,6800,GTO,geocentric,geostationary,78.5,51666.207,0.8697803,349.823,90226.322,21.2202,1947.913,15,https://www.flightclub.io/results/?code=THM8,false,false,false,false,false,ccafs_slc_40,CCAFS SLC 40,Cape Canaveral Air Force Station Space Launch Complex 40,true,https://images2.imgbox.com/b7/ec/5kukvU10_o.png,https://images2.imgbox.com/d1/de/waYRCanq_o.png,https://spaceflightnow.com/2016/05/27/spacex-logs-successful-late-afternoon-launch-for-thaicom/,https://en.wikipedia.org/wiki/Thaicom_8,https://www.youtube.com/watch?v=zBYC4f79iXc,"Manufactured by Orbital ATK, the 3,100-kilogram (6,800 lb) Thaicom 8 communications satellite will serve Thailand, India and Africa from the 78.5° East geostationary location. It is equipped with 24 active Ku-band transponders.",2016-05-25T00:00:00.000Z,,,,,,,,,,,,,,,,,,,,41552,2016-05-27T23:23:41.000Z,0.73925264,41.9275,http://www.spacex.com/sites/spacex/files/spacex_thaicom_8_press_kit.pdf,,,,,,https://www.reddit.com/r/spacex/comments/4hjz4k,https://www.reddit.com/r/spacex/comments/4l9uou,https://www.reddit.com/r/spacex/comments/4lz2y6,https://www.reddit.com/r/spacex/comments/4l4af1,,,,,,,,,,,,,,,,,,,,,,,,,,,,,,,
31,ABS-2A / Eutelsat 117W B,false,2016,1466000940,2016-06-15T14:29:00.000Z,2016-06-15T10:29:00-04:00,falcon9,Falcon 9,FT,B1024,1,2,false,false,ASDS,OCISLY,2,ABS-2A,false,ABS,Hong Kong,Boeing,Satellite,1800,3950,GTO,geocentric,geostationary,75,37871.464,0.821147,395.29,62591.369,24.6797,1222.44,15,https://www.flightclub.io/results/?code=EUA2,false,false,false,false,false,ccafs_slc_40,CCAFS SLC 40,Cape Canaveral Air Force Station Space Launch Complex 40,true,https://images2.imgbox.com/07/79/4ajR03l9_o.png,https://images2.imgbox.com/ae/e9/VTH2y7S5_o.png,https://spaceflightnow.com/2016/06/15/spacex-successfully-fires-satellites-into-orbit-but-loses-booster-on-landing/,https://en.wikipedia.org/wiki/ABS_(satellite_operator),https://www.youtube.com/watch?v=gLNmtUEvI5A,"One year after pioneering this technique on flight 16, Falcon again launched two Boeing 702SP gridded ion thruster satellites in a dual-stack configuration, with the two customers sharing the rocket and mission costs. First stage landing attempt on drone ship failed on landing due to low thrust on one of the three landing engines.",2016-06-13T15:03:00.000Z,Eutelsat 117 West B,false,Eutelsat,France,Boeing,Satellite,1800,3950,GTO,geocentric,geostationary,-116.8,,,,,,,15,41588,2016-06-15T18:18:08.000Z,1.17797102,312.669,https://drive.google.com/open?id=0BwA3a65ef1OvMGpJSlpDNHhjelU,,,,,,https://www.reddit.com/r/spacex/comments/4ksdy3,https://www.reddit.com/r/spacex/comments/4o5u6r,https://www.reddit.com/r/spacex/comments/4on75l,https://www.reddit.com/r/spacex/comments/4o5j6o,,,40425,,,,,,,,,,,,,,,,,,,,,,,,,,,,
32,CRS-9,false,2016,1468817100,2016-07-18T04:45:00.000Z,2016-07-18T00:45:00-04:00,falcon9,Falcon 9,FT,B1025,1,2,false,true,RTLS,LZ-1,2,SpaceX CRS-9,false,NASA (CRS),United States,SpaceX,Dragon 1.1,2257,4976,ISS,geocentric,low-earth,,6657.994,0.0113615,204.214,355.504,51.6593,90.11,,https://www.flightclub.io/results/?code=CRS9,false,false,false,false,false,ccafs_slc_40,CCAFS SLC 40,Cape Canaveral Air Force Station Space Launch Complex 40,true,https://images2.imgbox.com/7c/07/rs4MS4HU_o.png,https://images2.imgbox.com/b6/52/p5vdNEJF_o.png,https://spaceflightnow.com/2016/07/18/spacex-sends-supplies-to-space-station-lands-another-falcon-rocket/,https://en.wikipedia.org/wiki/SpaceX_CRS-9,https://www.youtube.com/watch?v=ThIdCuSsJh8,"Among other cargo, an International Docking Adapter (IDA-2) was carried to the ISS. This mission had a successful first-stage landing at Cape Canaveral.*Including the reusable Dragon Capsule, total payload to orbit was 6457 kg.",2016-07-16T02:31:47.000Z,,,,,,,,,,,,,,,,,,,,41672,2016-07-18T05:09:49.000Z,15.98039801,263.3429,https://drive.google.com/open?id=0BwA3a65ef1OvM0JpSXdDUUJMRVk,C111,1550,3410,3409380,https://www.nasa.gov/sites/default/files/atoms/files/spacex_crs-9_mission_overview2.pdf,https://www.reddit.com/r/spacex/comments/4ksedl,https://www.reddit.com/r/spacex/comments/4t2umd/,https://www.reddit.com/r/spacex/comments/4znsvo,https://www.reddit.com/r/spacex/comments/4tayth,,,,,,,,,,,,,,,,,,,,,,,,,,,,,,,
33,JCSAT-16,false,2016,1471152360,2016-08-14T05:26:00.000Z,2016-08-14T01:26:00-04:00,falcon9,Falcon 9,FT,B1026,1,2,false,true,ASDS,OCISLY,2,JCSAT-16,false,SKY Perfect JCSAT Group,Japan,SSL,Satellite,4600,10100,GTO,geocentric,geostationary,162,24545.758,0.7339711,151.746,36183.501,20.9339,637.858,15,https://www.flightclub.io/results/?code=JC16,false,false,false,false,false,ccafs_slc_40,CCAFS SLC 40,Cape Canaveral Air Force Station Space Launch Complex 40,true,https://images2.imgbox.com/74/fc/KiaMQgym_o.png,https://images2.imgbox.com/a4/21/eLkeQOl8_o.png,https://spaceflightnow.com/2016/08/14/falcon-9-rocket-launches-japanese-satellite-then-nails-bullseye-landing/,https://en.wikipedia.org/wiki/JCSAT-16,https://www.youtube.com/watch?v=QZTCEO0gvLo,"First attempt to touch down from a ballistic trajectory using a single-engine landing burn. All previous landings from a ballistic trajectory had fired three engines on the landing-burn, which provided more braking force, but subjected the vehicle to greater structural stresses. The single-engine landing burn takes more time and fuel, but puts less stress on the vehicle.",2016-08-11T04:01:00.000Z,,,,,,,,,,,,,,,,,,,,41729,2016-08-14T17:00:12.000Z,2.25755358,232.6746,https://drive.google.com/open?id=0BwA3a65ef1Ovb0FkYnE5dElZRlU,,,,,,https://www.reddit.com/r/spacex/comments/4pv6ws,https://www.reddit.com/r/spacex/comments/4xi7uq,https://www.reddit.com/r/spacex/comments/4y5xd1,https://www.reddit.com/r/spacex/comments/4xkdfj,,,,,,,,,,,,,,,,,,,,,,,,,,,,,,,
34,Amos-6,false,2016,1472735220,2016-09-01T13:07:00.000Z,2016-09-01T09:07:00-04:00,falcon9,Falcon 9,FT,B1028,1,3,false,,ASDS,OCISLY,3,Amos-6,false,Spacecom,Israel,Israel Aerospace Industries,Satellite,5500,12100,GTO,geocentric,geostationary,-4,,,35785,35800,,,15,,false,false,false,false,false,ccafs_slc_40,CCAFS SLC 40,Cape Canaveral Air Force Station Space Launch Complex 40,false,https://images2.imgbox.com/eb/28/cg2hkitx_o.png,https://images2.imgbox.com/54/7a/c5XLHIvL_o.png,https://spaceflightnow.com/2016/09/01/spacex-rocket-and-israeli-satellite-destroyed-in-launch-pad-explosion/,https://en.wikipedia.org/wiki/Amos-6,https://www.youtube.com/watch?v=_BgJEXQkjNQ,"The rocket and Amos-6 payload were lost in a launch pad explosion on September 1, 2016 during propellant fill prior to a static fire test. The pad was clear of personnel and there were no injuries.",2016-09-01T13:07:00.000Z,,,,,,,,,,,,,,,,,,,,,,,,,,,,,,https://www.reddit.com/r/spacex/comments/4pv7jl,,,,,,,,,,,,,,,,,,,,,,,,,,,,,,,,,,
35,Iridium NEXT Mission 1,false,2017,1484416440,2017-01-14T17:54:00.000Z,2017-01-14T10:54:00-07:00,falcon9,Falcon 9,FT,B1029,1,3,false,true,ASDS,JRTI,3,Iridium NEXT 1,false,Iridium Communications,United States,Thales Alenia Space,Satellite,9600,21200,PO,geocentric,low-earth,,7000.328,0.00065,617.643,626.743,86.66,97.148,15,https://www.flightclub.io/results/?code=IRD1,false,false,false,false,false,vafb_slc_4e,VAFB SLC 4E,Vandenberg Air Force Base Space Launch Complex 4E,true,https://images2.imgbox.com/ab/b8/USCniUHy_o.png,https://images2.imgbox.com/a6/e8/5PyY296y_o.png,https://spaceflightnow.com/2017/01/14/spacex-resumes-flights-with-on-target-launch-for-iridium/,https://en.wikipedia.org/wiki/Iridium_satellite_constellation#Next-generation_constellation,https://www.youtube.com/watch?v=7WimRhydggo,"Return-to-flight mission after the loss of Amos-6 in September 2016. Iridium NEXT will replace the original Iridium constellation, launched in the late 1990s. Each Falcon mission will carry 10 satellites, with a goal to complete deployment of the 66 plus 9 spare satellite constellation by mid 2018. The first two Iridium qualification units were supposed to ride a Dnepr rocket in April 2016 but were delayed, so Iridium decided to qualify the first batch of 10 satellites instead.",2017-01-05T19:40:00.000Z,,,,,,,,,,,,,,,,,,,,41917,2017-01-14T18:47:09.000Z,14.82262465,86.1194,https://drive.google.com/open?id=0BwA3a65ef1OvZC1aU3FuMlQzalE,,,,,,https://www.reddit.com/r/spacex/comments/5dii6z,https://www.reddit.com/r/spacex/comments/5nsaqm,https://www.reddit.com/r/spacex/comments/5oe9kk,https://www.reddit.com/r/spacex/comments/5nsico,,,,,,,41918,41919,41920,41921,41922,41923,41924,41925,41926,,,,,,,,,,,,,,,,
36,CRS-10,false,2017,1487515140,2017-02-19T14:39:00.000Z,2017-02-19T10:39:00-04:00,falcon9,Falcon 9,FT,B1031,1,3,false,true,RTLS,LZ-1,3,SpaceX CRS-10,false,NASA (CRS),United States,SpaceX,Dragon 1.1,2490,5490,ISS,geocentric,low-earth,,6657.603,0.0115859,202.334,356.602,51.632,90.102,,https://www.flightclub.io/results/?code=CR10,false,false,false,false,false,ksc_lc_39a,KSC LC 39A,Kennedy Space Center Historic Launch Complex 39A,true,https://images2.imgbox.com/02/52/hp8DpyGM_o.png,https://images2.imgbox.com/d3/08/7YmXiSOQ_o.png,https://spaceflightnow.com/2017/02/19/historic-launch-pad-back-in-service-with-thundering-blastoff-by-spacex/,https://en.wikipedia.org/wiki/SpaceX_CRS-10,https://www.youtube.com/watch?v=giNhaEzv_PI,"First Falcon 9 flight from the historic LC-39A launchpad at Kennedy Space Center, carrying supplies and materials to support dozens of science and research investigations scheduled during ISS Expeditions 50 and 51. The first stage returned to launch site and landed at LZ-1.",2017-02-12T21:30:00.000Z,,,,,,,,,,,,,,,,,,,,42053,2017-02-19T15:02:32.000Z,15.98180622,264.9784,http://www.spacex.com/sites/spacex/files/crs10presskitfinal.pdf,C112,1652,3642,2419620,https://www.nasa.gov/sites/default/files/atoms/files/spacex_crs-10_mission_overview.pdf,https://www.reddit.com/r/spacex/comments/5n2eqx,https://www.reddit.com/r/spacex/comments/5uw4bh,https://www.reddit.com/r/spacex/comments/609aq4,https://www.reddit.com/r/spacex/comments/5uoy8o,,,,,,,,,,,,,,,,,,,,,,,,,,,,,,,
37,EchoStar 23,false,2017,1489644000,2017-03-16T06:00:00.000Z,2017-03-16T02:00:00-04:00,falcon9,Falcon 9,FT,B1030,1,3,false,,,,3,EchoStar 23,false,EchoStar,United States,Airbus Defence and Space,Satellite,5600,12399,GTO,geocentric,geostationary,-44.9,24415.416,0.7316014,174.928,35899.633,22.4358,632.784,15,https://www.flightclub.io/results/?code=ES23,false,false,false,false,false,ksc_lc_39a,KSC LC 39A,Kennedy Space Center Historic Launch Complex 39A,true,https://images2.imgbox.com/47/c2/mmiTCLkJ_o.png,https://images2.imgbox.com/54/f8/0X2hNhNK_o.png,http://spacenews.com/spacex-launches-echostar-23/,https://en.wikipedia.org/wiki/EchoStar#Satellite_fleet,https://www.youtube.com/watch?v=lZmqbL-hz7U,"Communications satellite for EchoStar Corp. EchoStar XXIII, based on a spare platform from the cancelled CMBStar 1 satellite program, will provide direct-to-home television broadcast services over Brazil. There was no attempt at a first-stage recovery so this rocket did not have landing legs or grid fins.",2017-03-09T23:00:00.000Z,,,,,,,,,,,,,,,,,,,,42070,2017-03-16T11:49:24.000Z,2.27565574,94.7626,http://www.spacex.com/sites/spacex/files/echostarxxiiifinal.pdf,,,,,,https://www.reddit.com/r/spacex/comments/5n2e10/echostar_23_launch_campaign_thread/,https://www.reddit.com/r/spacex/comments/5z8dkm/welcome_to_the_rspacex_echostar23_official_launch/,,https://www.reddit.com/r/spacex/comments/5z8if6/rspacex_echostar_23_media_thread_videos_images/,,,,,,,,,,,,,,,,,,,,,,,,,,,,,,,
38,SES-10,false,2017,1490912820,2017-03-30T22:27:00.000Z,2017-03-30T18:27:00-04:00,falcon9,Falcon 9,FT,B1021,2,2,true,true,ASDS,OCISLY,2,SES-10,false,SES,Luxembourg,Airbus Defence and Space,Satellite,5300,11700,GTO,geocentric,geostationary,-67,24338.06,0.7277995,246.697,35673.154,26.1778,629.779,15,https://www.flightclub.io/results/?code=SS10,true,false,false,false,false,ksc_lc_39a,KSC LC 39A,Kennedy Space Center Historic Launch Complex 39A,true,https://images2.imgbox.com/d1/f6/9q2edz2p_o.png,https://images2.imgbox.com/5b/10/dfj7yRG3_o.png,https://spaceflightnow.com/2017/03/31/spacex-flies-rocket-for-second-time-in-historic-test-of-cost-cutting-technology/,https://en.wikipedia.org/wiki/SES-10,https://www.youtube.com/watch?v=xsZSXav4wI8,"First payload to fly on a reused first stage, B1021, previously launched with CRS-8, which also landed a second time. In what is also a first, the payload fairing remained intact after a successful splashdown achieved with thrusters and a steerable parachute.",2017-03-27T18:00:00.000Z,,,,,,,,,,,,,,,,,,,,42432,2017-03-31T18:57:30.000Z,2.28651368,355.8821,http://www.spacex.com/sites/spacex/files/finalses10presskit.pdf,,,,,,https://www.reddit.com/r/spacex/comments/5sjrzj/ses10_launch_campaign_thread/,https://www.reddit.com/r/spacex/comments/62aqi7/rspacex_ses10_official_launch_discussion_updates/,https://www.reddit.com/r/spacex/comments/634gmr/b1021ses10_recovery_thread/,https://www.reddit.com/r/spacex/comments/62aqad/rspacex_ses10_media_thread_videos_images_gifs/,,,,,,,,,,,,,,,,,,,,,,,,,,,,,,,
39,NROL-76,false,2017,1493637300,2017-05-01T11:15:00.000Z,2017-05-01T07:15:00-04:00,falcon9,Falcon 9,FT,B1032,1,3,false,true,RTLS,LZ-1,3,NROL-76,false,NRO,United States,Boeing,Satellite,,,LEO,geocentric,low-earth,,,,,,50,,10,,false,false,false,false,false,ksc_lc_39a,KSC LC 39A,Kennedy Space Center Historic Launch Complex 39A,true,https://images2.imgbox.com/8e/6e/dM1L8DMs_o.png,https://images2.imgbox.com/0d/06/aNPEVF72_o.png,https://techcrunch.com/2017/05/01/spacex-successfully-launches-nrol-76-u-s-military-satellite/,https://en.wikipedia.org/wiki/List_of_NRO_launches,https://www.youtube.com/watch?v=EzQpkQ1etdA,"First launch under SpaceX's certification for national security space missions, which allows SpaceX to contract launch services for classified payloads. Second-stage speed and altitude telemetry were omitted from the launch webcast, which displayed first-stage telemetry instead, with continuous tracking of the booster from liftoff to landing for the first time.",2017-04-25T19:02:00.000Z,,,,,,,,,,,,,,,,,,,,,,,,http://www.spacex.com/sites/spacex/files/nrol76presskit.pdf,,,,,,https://www.reddit.com/r/spacex/comments/601ykx,https://www.reddit.com/r/spacex/comments/68bn8y/,,https://www.reddit.com/r/spacex/comments/68bpii,,,,,,,,,,,,,,,,,,,,,,,,,,,,,,,
40,Inmarsat-5 F4,false,2017,1494890460,2017-05-15T23:21:00.000Z,2017-05-15T19:21:00-04:00,falcon9,Falcon 9,FT,B1034,1,3,false,,,,3,Inmarsat-5 F4,false,Inmarsat,United Kingdom,Boeing,Satellite,6070,13380,GTO,geocentric,geostationary,117,41490.535,0.8370913,381.034,69843.766,24.4943,1401.791,15,https://www.flightclub.io/results/?code=I5F4,false,false,false,false,false,ksc_lc_39a,KSC LC 39A,Kennedy Space Center Historic Launch Complex 39A,true,https://images2.imgbox.com/76/0b/bJD0zV02_o.png,https://images2.imgbox.com/82/d6/SCoNa79H_o.png,https://www.space.com/36852-spacex-launches-inmarsat-5-f4-satellite.html,https://en.wikipedia.org/wiki/Inmarsat#Satellites,https://www.youtube.com/watch?v=ynMYE64IEKs&t=1271s,"At 6,070 kg this was the heaviest payload launched to GTO by a Falcon 9 rocket. The launch was originally scheduled for the Falcon Heavy, but performance improvements allowed the mission to be carried out by an expendable Falcon 9 instead.",2017-05-11T16:45:00.000Z,,,,,,,,,,,,,,,,,,,,42698,2017-05-15T11:56:39.000Z,1.02725723,54.3609,http://www.spacex.com/sites/spacex/files/inmarsat5f4presskit.pdf,,,,,,https://www.reddit.com/r/spacex/comments/64kguj/,https://www.reddit.com/r/spacex/comments/6b88hz/,,https://www.reddit.com/r/spacex/comments/6bcf8j/,,,,,,,,,,,,,,,,,,,,,,,,,,,,,,,
41,CRS-11,false,2017,1496524020,2017-06-03T21:07:00.000Z,2017-06-03T17:07:00-04:00,falcon9,Falcon 9,FT,B1035,1,3,false,true,RTLS,LZ-1,3,SpaceX CRS-11,false,NASA (CRS),United States,SpaceX,Dragon 1.1,2708,5970,ISS,geocentric,low-earth,,6657.963,0.0113366,204.35,355.307,51.639,90.109,,https://www.flightclub.io/results/?code=CR11,false,false,false,false,true,ksc_lc_39a,KSC LC 39A,Kennedy Space Center Historic Launch Complex 39A,true,https://images2.imgbox.com/4b/88/4irzX449_o.png,https://images2.imgbox.com/e8/33/RV791zv9_o.png,https://spaceflightnow.com/2017/06/03/reused-dragon-cargo-capsule-launched-on-journey-to-space-station/,https://en.wikipedia.org/wiki/SpaceX_CRS-11,https://www.youtube.com/watch?v=JuZBOUMsYws,"This mission delivered the Neutron Star Interior Composition Explorer (NICER) to the ISS, along with the MUSES Earth imaging platform and ROSA solar array. For the first time, this mission launched a refurbished Dragon capsule, serial number C106 which first flew in September 2014 on the CRS-4 mission. Originally scheduled to launch on June 1, but was scrubbed due to inclement weather.",2017-05-28T16:00:00.000Z,,,,,,,,,,,,,,,,,,,,42744,2017-06-03T23:01:19.000Z,15.9805087,104.5218,http://www.spacex.com/sites/spacex/files/crs11presskit.pdf,C106,1900,4100,2559840,https://www.nasa.gov/sites/default/files/atoms/files/spacex_crs-11_mission_overview.pdf,https://www.reddit.com/r/spacex/comments/68ul58/,https://www.reddit.com/r/spacex/comments/6ektkt/,,https://www.reddit.com/r/spacex/comments/6emlzr/,,,,,,,,,,,,,,,,,,,,,,,,,,,,,,,
42,BulgariaSat-1,false,2017,1498245000,2017-06-23T19:10:00.000Z,2017-06-23T15:10:00-04:00,falcon9,Falcon 9,FT,B1029,2,3,true,true,ASDS,OCISLY,3,BulgariaSat-1,false,Bulgaria Sat,Bulgaria,SSL,Satellite,3669,8089,GTO,geocentric,geostationary,1.9,39240.194,0.8320634,211.729,65512.389,24.0585,1289.307,15,https://www.flightclub.io/results/?code=BGS1,true,false,false,false,false,ksc_lc_39a,KSC LC 39A,Kennedy Space Center Historic Launch Complex 39A,true,https://images2.imgbox.com/3b/6c/d5ulGpoh_o.png,https://images2.imgbox.com/1b/40/Ouyy9Neh_o.png,https://en.wikipedia.org/wiki/BulgariaSat-1,https://en.wikipedia.org/wiki/BulgariaSat-1,https://www.youtube.com/watch?v=Y8mLi-rRTh8,Second time a booster will be reused: Second flight of B1029 after the Iridium mission of January 2017. The satellite will be the first commercial Bulgarian-owned communications satellite and it will provide television broadcasts and other communications services over southeast Europe.,2017-06-15T22:25:00.000Z,,,,,,,,,,,,,,,,,,,,42801,2017-06-23T21:14:42.000Z,1.11687875,30.3062,http://www.spacex.com/sites/spacex/files/bulgariasat1presskit.pdf,,,,,,https://www.reddit.com/r/spacex/comments/69hhkm/bulgariasat1_launch_campaign_thread/,https://www.reddit.com/r/spacex/comments/6isph2/welcome_to_the_rspacex_bulgariasat1_official/,https://www.reddit.com/r/spacex/comments/6k3kop/b10292_bulgariasat_1_recovery_thread/,https://www.reddit.com/r/spacex/comments/6iuj1z/rspacex_bulgariasat1_media_thread_videos_images/,,,,,,,,,,,,,,,,,,,,,,,,,,,,,,,
43,Iridium NEXT Mission 2,false,2017,1498397100,2017-06-25T13:25:00.000Z,2017-06-25T06:25:00-07:00,falcon9,Falcon 9,FT,B1036,1,3,false,true,ASDS,JRTI,3,Iridium NEXT 2,false,Iridium Communications,United States,Thales Alenia Space,Satellite,9600,21164,PO,geocentric,low-earth,,6996.605,0.0009461,611.851,625.09,86.6738,97.071,15,https://www.flightclub.io/results/?code=IRD2,false,false,false,false,false,vafb_slc_4e,VAFB SLC 4E,Vandenberg Air Force Base Space Launch Complex 4E,true,https://images2.imgbox.com/3f/f0/7zaluW42_o.png,https://images2.imgbox.com/cd/99/lNWjUnUS_o.png,https://www.space.com/37304-liftoff-spacex-second-launch-three-days.html,https://en.wikipedia.org/wiki/Iridium_satellite_constellation,https://www.youtube.com/watch?v=7tIwZg8F9b8,First flight with titanium grid fins to improve control authority and better cope with heat during re-entry.,2017-06-20T22:10:00.000Z,,,,,,,,,,,,,,,,,,,,42803,2017-06-26T02:39:56.000Z,14.83445717,283.4606,http://www.spacex.com/sites/spacex/files/iridium2presskit.pdf,,,,,,https://www.reddit.com/r/spacex/comments/6bp4fj/,https://www.reddit.com/r/spacex/comments/6j67ti/,https://www.reddit.com/r/spacex/comments/6k16ho/,https://www.reddit.com/r/spacex/comments/6j7va6/,,,,,,,42804,42805,42806,42807,42808,42809,42805,42810,42811,,,,,,,,,,,,,,,,
44,Intelsat 35e,false,2017,1499297700,2017-07-05T23:35:00.000Z,2017-07-05T19:35:00-04:00,falcon9,Falcon 9,FT,B1037,1,3,false,,,,3,Intelsat 35e,false,Intelsat,United States,Boeing,Satellite,6761,14905.45,GTO,geocentric,geosynchronous,-34.5,27955.151,0.7613464,293.462,42860.569,25.8417,775.269,15,,false,false,false,false,false,ksc_lc_39a,KSC LC 39A,Kennedy Space Center Historic Launch Complex 39A,true,https://images2.imgbox.com/94/85/7GzzSMBu_o.png,https://images2.imgbox.com/ab/6f/3l4ib2QW_o.png,https://spaceflightnow.com/2017/07/06/spacex-delivers-for-intelsat-on-heavyweight-falcon-9-mission/,https://en.wikipedia.org/wiki/Intelsat_35e,https://www.youtube.com/watch?v=MIHVPCj25Z0,"Due to the constraints of sending a heavy satellite (~6,000 kg) to GTO, the rocket will fly in its expendable configuration and the first-stage booster will not be recovered.",2017-06-29T00:30:00.000Z,,,,,,,,,,,,,,,,,,,,42818,2017-07-06T01:38:03.000Z,1.85741948,109.6958,http://www.spacex.com/sites/spacex/files/intelsat35epresskit.pdf,,,,,,https://www.reddit.com/r/spacex/comments/6fw4yy/,https://www.reddit.com/r/spacex/comments/6kt2re/,,https://www.reddit.com/r/spacex/comments/6kt3fe/,,,,,,,,,,,,,,,,,,,,,,,,,,,,,,,
45,CRS-12,false,2017,1502728260,2017-08-14T16:31:00.000Z,2017-08-14T12:31:00-04:00,falcon9,Falcon 9,FT,B1039,1,4,false,true,RTLS,LZ-1,4,SpaceX CRS-12,false,NASA (CRS),United States,SpaceX,Dragon 1.1,2910,6415.5,ISS,geocentric,low-earth,,6658.399,0.0116656,202.59,357.938,51.6336,90.118,,https://www.flightclub.io/results/?code=CR12,false,false,false,false,false,ksc_lc_39a,KSC LC 39A,Kennedy Space Center Historic Launch Complex 39A,true,https://images2.imgbox.com/95/31/PhgU9kf9_o.png,https://images2.imgbox.com/4e/c6/M7X1WGKk_o.png,https://spaceflightnow.com/2017/08/17/photos-falcon-9-rocket-soars-into-space-lands-back-at-cape-canaveral/,https://en.wikipedia.org/wiki/SpaceX_CRS-12,https://www.youtube.com/watch?v=vLxWsYx8dbo,"Dragon is expected to carry 2,349 kg (5,179 lb) of pressurized mass and 961 kg (2,119 lb) unpressurized. The external payload manifested for this flight is the CREAM cosmic-ray detector. First flight of the Falcon 9 Block 4 upgrade. Last flight of a newly-built Dragon capsule; further missions will use refurbished spacecraft.",2017-08-10T13:10:00.000Z,,,,,,,,,,,,,,,,,,,,42904,2017-08-14T16:54:33.000Z,15.97894031,106.677,http://www.spacex.com/sites/spacex/files/crs12presskit.pdf,C113,1724,3800,2842920,https://www.nasa.gov/sites/default/files/atoms/files/spacex_crs-12_missionoverview.pdf,https://www.reddit.com/r/spacex/comments/6mrga2/crs12_launch_campaign_thread/,https://www.reddit.com/r/spacex/comments/6tfcio/welcome_to_the_rspacex_crs12_official_launch/,,https://www.reddit.com/r/spacex/comments/6th2nf/rspacex_crs12_media_thread_videos_images_gifs/,,,,,,,,,,,,,,,,,,,,,,,,,,,,,,,
46,FormoSat-5,false,2017,1503600600,2017-08-24T18:50:00.000Z,2017-08-24T11:50:00-07:00,falcon9,Falcon 9,FT,B1038,1,3,false,true,ASDS,JRTI,3,FormoSat-5,false,NSPO (Taiwan),Taiwan,NSPO,Satellite,475,1047,SSO,geocentric,sun-synchronous,,7097.533,0.0014191,709.326,729.47,98.2937,99.179,5,https://www.flightclub.io/results/?code=FRM5,false,false,false,false,false,vafb_slc_4e,VAFB SLC 4E,Vandenberg Air Force Base Space Launch Complex 4E,true,https://images2.imgbox.com/a7/2a/s41i5C9t_o.png,https://images2.imgbox.com/f9/3a/3kH19hlj_o.png,https://spaceflightnow.com/2017/08/25/taiwanese-satellite-rides-spacex-rocket-into-orbit/,https://en.wikipedia.org/wiki/Formosat-5,https://www.youtube.com/watch?v=J4u3ZN2g_MI,Formosat-5 is an Earth observation satellite of the Taiwanese space agency. The SHERPA space tug by Spaceflight Industries was removed from the cargo manifest of this mission. The satellite has a mass of only 475 kg.,2017-08-24T18:50:00.000Z,,,,,,,,,,,,,,,,,,,,42920,2017-08-24T20:23:42.000Z,14.51916431,311.2602,http://www.spacex.com/sites/spacex/files/formosat5presskit.pdf,,,,,,https://www.reddit.com/r/spacex/comments/6o98st,https://www.reddit.com/r/spacex/comments/6vihsl/welcome_to_the_rspacex_formosat5_official_launch/,https://www.reddit.com/r/spacex/comments/6wk653/b1038_recovery_thread/,https://www.reddit.com/r/spacex/comments/6vhwi1/rspacex_formosat5_media_thread_videos_images_gifs/,,,,,,,,,,,,,,,,,,,,,,,,,,,,,,,
47,Boeing X-37B OTV-5,false,2017,1504792200,2017-09-07T13:50:00.000Z,2017-09-07T09:50:00-04:00,falcon9,Falcon 9,FT,B1040,1,4,false,true,RTLS,LZ-1,4,X-37B OTV-5,false,USAF,United States,Boeing Defense,Satellite,4990,11001,LEO,geocentric,low-earth,,,,,,54,,,https://www.flightclub.io/results/?code=OTV5,false,false,false,false,false,ksc_lc_39a,KSC LC 39A,Kennedy Space Center Historic Launch Complex 39A,true,https://images2.imgbox.com/7e/ad/Q6iDgXq2_o.png,https://images2.imgbox.com/bb/c2/CpO3VtI7_o.png,https://spaceflightnow.com/2017/09/07/spacex-beats-hurricane-with-smooth-launch-of-militarys-x-37b-spaceplane/,https://en.wikipedia.org/wiki/Boeing_X-37,https://www.youtube.com/watch?v=9M6Zvi-fFv4,"Notable because Boeing is the primary contractor of the X-37B, which has until now been launched by ULA, a SpaceX competitor and Boeing partnership. Second flight of the Falcon 9 Block 4 upgrade.",2017-08-31T20:30:00.000Z,,,,,,,,,,,,,,,,,,,,,,,,http://forum.nasaspaceflight.com/index.php?action=dlattach;topic=43585.0;attach=1446501;sess=0,,,,,,https://www.reddit.com/r/spacex/comments/6u6q1t/x37b_otv5_launch_campaign_thread/,https://www.reddit.com/r/spacex/comments/6ygmf1/rspacex_x37b_otv5_official_launch_discussion/,,https://www.reddit.com/r/spacex/comments/6yih4g/rspacex_x37b_otv5_media_thread_videos_images_gifs/,,,,,,,,,,,,,,,,,,,,,,,,,,,,,,,
48,Iridium NEXT Mission 3,false,2017,1507552620,2017-10-09T12:37:00.000Z,2017-10-09T05:37:00-07:00,falcon9,Falcon 9,FT,B1041,1,4,false,true,ASDS,JRTI,4,Iridium NEXT 3,false,Iridium Communications,United States,Thales Alenia Space,Satellite,9600,21164.4,PO,geocentric,low-earth,,6995.297,0.0013243,607.898,626.426,86.6843,97.044,15,https://www.flightclub.io/results/?code=IRD3,false,false,false,false,false,vafb_slc_4e,VAFB SLC 4E,Vandenberg Air Force Base Space Launch Complex 4E,true,https://images2.imgbox.com/16/0c/P2REhX5k_o.png,https://images2.imgbox.com/1c/e0/lhGbeqkh_o.png,https://spaceflightnow.com/2017/10/09/spacex-launch-adds-another-10-satellites-to-iridium-next-fleet/,https://en.wikipedia.org/wiki/Iridium_satellite_constellation#Next-generation_constellation,https://www.youtube.com/watch?v=SB4N4xF2B2w&feature=youtu.be,Third of eight missions to launch Iridium's second generation constellation from VAFB,2017-10-05T13:31:00.000Z,,,,,,,,,,,,,,,,,,,,42955,2017-10-09T15:42:55.000Z,14.83861798,270.9142,http://www.spacex.com/sites/spacex/files/iridium3presskit.pdf,,,,,,https://www.reddit.com/r/spacex/comments/6ygwxw/iridium_next_constellation_mission_3_launch/,https://www.reddit.com/r/spacex/comments/753e0m/iridium_next_mission_3_official_launch_discussion/,https://www.reddit.com/r/spacex/comments/75z823/b10411_recovery_thread/,https://www.reddit.com/r/spacex/comments/755m2z/rspacex_iridium3_media_thread_videos_images_gifs/,,,,,,,42956,42957,42958,42959,42960,42961,42962,42963,42964,,,,,,,,,,,,,,,,
49,SES-11 / Echostar 105,false,2017,1507762380,2017-10-11T22:53:00.000Z,2017-10-11T18:53:00-04:00,falcon9,Falcon 9,FT,B1031,2,3,true,true,ASDS,OCISLY,3,SES-11 / Echostar 105,false,SES,United States,Airbus Defence and Space,Satellite,5200,11464,GTO,geocentric,geostationary,-105,26792.29,0.7503995,309.234,40519.076,27.889,727.401,15,https://www.flightclub.io/results/?code=SS11,true,false,false,false,false,ksc_lc_39a,KSC LC 39A,Kennedy Space Center Historic Launch Complex 39A,true,https://images2.imgbox.com/75/43/F11jelFx_o.png,https://images2.imgbox.com/e3/b5/UEzC560l_o.png,https://spaceflightnow.com/2017/10/12/video-falcon-9-rocket-lifts-off-with-joint-satellite-for-ses-echostar/,https://en.wikipedia.org/wiki/List_of_SES_satellites,https://www.youtube.com/watch?v=iv1zeGSvhIw,"Nineteenth comsat to GTO, also the fourth satellite launched for SES and second for Echostar. Third time a first stage booster will be reused.",2017-10-02T20:30:00.000Z,,,,,,,,,,,,,,,,,,,,42967,2017-10-12T00:59:44.000Z,1.97964813,195.6799,http://www.spacex.com/sites/spacex/files/echostar105ses11presskit.pdf,,,,,,https://www.reddit.com/r/spacex/comments/6yvn64/ses11echostar_105_launch_campaign_thread/,https://www.reddit.com/r/spacex/comments/75bw7p/ses11echostar105_official_launch_discussions/,https://www.reddit.com/r/spacex/comments/76fqz1/b10312_recovery_thread/,https://www.reddit.com/r/spacex/comments/75pgu5/rspacex_ses11_media_thread_videos_images_gifs/,Echostar,,,,,,,,,,,,,,,,,,,,,,,,,,,,,,
50,KoreaSat 5A,false,2017,1509392040,2017-10-30T19:34:00.000Z,2017-10-30T15:34:00-04:00,falcon9,Falcon 9,FT,B1042,1,4,false,true,ASDS,OCISLY,4,KoreaSat 5A,false,KT Corporation,South Korea,Thales Alenia Space,Satellite,3700,8157.104,GTO,geocentric,geostationary,113,31613.233,0.7892258,285.119,50185.078,22.0428,932.315,15,,false,false,false,false,false,ksc_lc_39a,KSC LC 39A,Kennedy Space Center Historic Launch Complex 39A,true,https://images2.imgbox.com/69/f5/04lBXd2F_o.png,https://images2.imgbox.com/02/51/7NLaBm8c_o.png,https://spaceflightnow.com/2017/10/30/spacex-launches-and-lands-third-rocket-in-three-weeks/,https://en.wikipedia.org/wiki/Koreasat_5A,https://www.youtube.com/watch?v=RUjH14vhLxA,"KoreaSat 5A is a Ku-band satellite capable of providing communication services from East Africa and Central Asia to southern India, Southeast Asia, the Philippines, Guam, Korea, and Japan. The satellite will be placed in GEO at 113Â° East Longitude, and will provide services ranging from broadband internet to broadcasting services and maritime communications.",2017-10-26T16:00:00.000Z,,,,,,,,,,,,,,,,,,,,42984,2017-10-30T21:17:23.000Z,1.54454079,163.1455,http://www.spacex.com/sites/spacex/files/koreasat5apresskit.pdf,,,,,,https://www.reddit.com/r/spacex/comments/73ttkd/koreasat_5a_launch_campaign_thread/,https://www.reddit.com/r/spacex/comments/79iuvb/rspacex_koreasat_5a_official_launch_discussion/,,https://www.reddit.com/r/spacex/comments/79lmdu/rspacex_koreasat5a_media_thread_videos_images/,,,,,,,,,,,,,,,,,,,,,,,,,,,,,,,
51,CRS-13,false,2017,1513352160,2017-12-15T15:36:00.000Z,2017-12-15T10:36:00-05:00,falcon9,Falcon 9,FT,B1035,2,3,true,true,RTLS,LZ-1,3,SpaceX CRS-13,true,NASA (CRS),United States,SpaceX,Dragon 1.1,2205,4861.2,ISS,geocentric,low-earth,,6657.799,0.0114283,203.576,355.751,51.6387,90.106,,https://www.flightclub.io/results/?code=CR13,true,false,false,false,true,ccafs_slc_40,CCAFS SLC 40,Cape Canaveral Air Force Station Space Launch Complex 40,true,https://images2.imgbox.com/1b/30/oP1DBQ6b_o.png,https://images2.imgbox.com/ea/12/8vVzlOeL_o.png,https://spaceflightnow.com/2017/12/15/spacexs-50th-falcon-rocket-launch-kicks-off-station-resupply-mission/,https://en.wikipedia.org/wiki/SpaceX_CRS-13,https://www.youtube.com/watch?v=OPHbqY9LHCs,Will reuse the Dragon capsule previously flown on CRS-6 and will reuse the booster from CRS-11.,2017-12-06T20:00:00.000Z,,,,,,,,,,,,,,,,,,,,43060,2017-12-15T16:01:04.000Z,15.98110186,213.9231,http://www.spacex.com/sites/spacex/files/crs13presskit12_11.pdf,C108,1859.7,4100,2375340,https://www.nasa.gov/sites/default/files/atoms/files/spacex_crs-13_mision_overview_low_res8.pdf,https://www.reddit.com/r/spacex/comments/7bxg5a/crs13_launch_campaign_thread/,https://www.reddit.com/r/spacex/comments/7j725w/rspacex_crs13_official_launch_discussion_updates/,,https://www.reddit.com/r/spacex/comments/7j6oxz/rspacex_crs13_media_thread_videos_images_gifs/,,,,,,,,,,,,,,,,,,,,,,,,,,,,,,,
52,Iridium NEXT Mission 4,false,2017,1513992443,2017-12-23T01:27:23.000Z,2017-12-22T17:27:23-08:00,falcon9,Falcon 9,FT,B1036,2,3,true,true,Ocean,,3,Iridium NEXT 4,false,Iridium Communications,United States,Thales Alenia Space,Satellite,9600,21164.38,PO,geocentric,low-earth,,6997.252,0.0011082,611.363,626.872,86.7012,97.084,15,https://www.flightclub.io/result?code=IRD4,true,false,false,false,false,vafb_slc_4e,VAFB SLC 4E,Vandenberg Air Force Base Space Launch Complex 4E,true,https://images2.imgbox.com/ee/c2/x8q8XiTg_o.png,https://images2.imgbox.com/cb/4b/n6GTX4PI_o.png,https://spaceflightnow.com/2017/12/23/spacex-launch-dazzles-delivering-10-more-satellites-for-iridium/,https://en.wikipedia.org/wiki/Iridium_satellite_constellation#Next-generation_constellation,https://www.youtube.com/watch?v=wtdjCwo6d3Q,"Reusing the booster first used on Iridium-2, but will be flying expendable.",2017-12-17T21:00:00.000Z,,,,,,,,,,,,,,,,,,,,43070,2017-12-23T05:57:04.000Z,14.83239912,176.6316,http://www.spacex.com/sites/spacex/files/iridium4presskit.pdf,,,,,,https://www.reddit.com/r/spacex/comments/7cgts7/iridium_next_constellation_mission_4_launch/,https://www.reddit.com/r/spacex/comments/7li8y2/rspacex_iridium_next_4_official_launch_discussion/,,https://www.reddit.com/r/spacex/comments/7litv2/rspacex_iridium4_media_thread_videos_images_gifs/,,,,,,,43071,43072,43073,43074,43075,43076,43077,43078,43079,,,,,,,,,,,,,,,,
53,ZUMA,false,2018,1515373200,2018-01-08T01:00:00.000Z,2018-01-07T20:00:00-05:00,falcon9,Falcon 9,FT,B1043,1,4,false,true,RTLS,LZ-1,4,ZUMA,false,Northrop Grumman,United States,Northrop Grumman,Satellite,,,LEO,geocentric,low-earth,,,,,,51,,,https://www.flightclub.io/result?code=ZUMA,false,false,false,false,false,ccafs_slc_40,CCAFS SLC 40,Cape Canaveral Air Force Station Space Launch Complex 40,true,https://images2.imgbox.com/26/99/ppTFXiLw_o.png,https://images2.imgbox.com/e8/30/yMNPvCci_o.png,https://spaceflightnow.com/2018/01/08/spacex-kicks-off-ambitious-2018-schedule-with-launch-for-u-s-government/,https://en.wikipedia.org/wiki/Zuma_(satellite),https://www.youtube.com/watch?v=0PWu3BRxn60,"Originally planned for mid-November 2017, the mission was delayed due to test results from the fairing of another customer. First-stage booster will attempt landing at LZ-1",2017-11-11T23:00:00.000Z,,,,,,,,,,,,,,,,,,,,,,,,http://www.spacex.com/sites/spacex/files/zumapresskit.pdf,,,,,,https://www.reddit.com/r/spacex/comments/7895bo/zuma_launch_campaign_thread/,https://www.reddit.com/r/spacex/comments/7oqjf0/rspacex_zuma_official_launch_discussion_updates/,,https://www.reddit.com/r/spacex/comments/7orksl/rspacex_zuma_media_thread_videos_images_gifs/,,,,,,,,,,,,,,,,,,,,,,,,,,,,,,,
54,SES-16 / GovSat-1,false,2018,1517433900,2018-01-31T21:25:00.000Z,2018-01-31T16:25:00-05:00,falcon9,Falcon 9,FT,B1032,2,3,true,true,Ocean,,3,GovSat-1,false,GovSat,Luxembourg,Orbital ATK,Satellite,4230,9325.6,GTO,geocentric,geostationary,21.5,,,,,,,15,,true,false,false,false,false,ccafs_slc_40,CCAFS SLC 40,Cape Canaveral Air Force Station Space Launch Complex 40,true,https://images2.imgbox.com/42/0a/LAupFe3L_o.png,https://images2.imgbox.com/95/ec/FoFpPft0_o.png,https://spaceflightnow.com/2018/01/31/spacex-rocket-flies-on-60th-anniversary-of-first-u-s-satellite-launch/,https://en.wikipedia.org/wiki/List_of_SES_satellites#SES_Fleet,https://www.youtube.com/watch?v=ScYUA51-POQ,"Reused booster from the classified NROL-76 mission in May 2017. Following a successful experimental ocean landing that used three engines, the booster unexpectedly remained intact; Elon Musk stated in a tweet that SpaceX will attempt to tow the booster to shore.",2018-01-26T15:27:00.000Z,,,,,,,,,,,,,,,,,,,,43178,,,,http://www.spacex.com/sites/spacex/files/govsat1presskit.pdf,,,,,,https://www.reddit.com/r/spacex/comments/7olw86/govsat1_ses16_launch_campaign_thread/,https://www.reddit.com/r/spacex/comments/7tvtbh/rspacex_govsat1_official_launch_discussion/,,https://www.reddit.com/r/spacex/comments/7tzzwy/rspacex_govsat1_media_thread_videos_images_gifs/,,,,,,,,,,,,,,,,,,,,,,,,,,,,,,,
55,Falcon Heavy Test Flight,false,2018,1517949900,2018-02-06T20:45:00.000Z,2018-02-06T15:45:00-05:00,falconheavy,Falcon Heavy,FT,B1033,1,3,false,false,ASDS,OCISLY,3,Tesla Roadster,false,SpaceX,United States,Tesla,Satellite,1350,2976.2,HCO,heliocentric,,,9943.766,0.3404246,180.528,6950.733,29.0185,164.469,3500000,https://www.flightclub.io/result?code=FHD1,false,true,true,false,false,ksc_lc_39a,KSC LC 39A,Kennedy Space Center Historic Launch Complex 39A,true,https://images2.imgbox.com/33/1a/ujrnfkna_o.png,https://images2.imgbox.com/22/5f/jAAULKc3_o.png,https://spaceflightnow.com/2018/02/07/spacex-debuts-worlds-most-powerful-rocket-sends-tesla-toward-the-asteroid-belt/,https://en.wikipedia.org/wiki/Elon_Musk%27s_Tesla_Roadster,https://www.youtube.com/watch?v=wbSwFU6tY1c,"The launch was a success, and the side boosters landed simultaneously at adjacent ground pads. Drone ship landing of the central core failed. Final burn to heliocentric mars-earth orbit was successful after the second stage and payload passed through the Van Allen belts.",2018-01-24T17:30:00.000Z,,,,,,,,,,,,,,,,,,,,43205,2018-02-06T22:36:19.000Z,8.75540848,287.358,http://www.spacex.com/sites/spacex/files/falconheavypresskit_v1.pdf,,,,,,https://www.reddit.com/r/spacex/comments/7hjp03/falcon_heavy_demo_launch_campaign_thread/,https://www.reddit.com/r/spacex/comments/7vg63x/rspacex_falcon_heavy_test_flight_official_launch/,,https://www.reddit.com/r/spacex/comments/7vimtm/rspacex_falcon_heavy_test_flight_media_thread/,,,,,,,,,,,,,,,,B1025,2,2,true,true,RTLS,LZ-2,B1023,2,2,true,true,RTLS,LZ-1,,
56,Paz / Starlink Demo,false,2018,1519309020,2018-02-22T14:17:00.000Z,2018-02-22T06:17:00-08:00,falcon9,Falcon 9,FT,B1038,2,3,true,,,,3,Paz,false,HisdeSAT,Spain,Airbus Defence and Space,Satellite,1350,2976.2,SSO,geocentric,sun-synchronous,,6886.22,0.0013705,498.647,517.522,97.4622,94.783,15,https://www.flightclub.io/result?code=PAZ1,true,false,false,false,false,vafb_slc_4e,VAFB SLC 4E,Vandenberg Air Force Base Space Launch Complex 4E,true,https://images2.imgbox.com/f1/b8/HAXSg9rr_o.png,https://images2.imgbox.com/f9/05/I9duWQ6v_o.png,https://spaceflightnow.com/2018/02/22/recycled-spacex-rocket-boosts-paz-radar-satellite-first-starlink-testbeds-into-orbit/,https://en.wikipedia.org/wiki/Paz_(satellite),https://www.youtube.com/watch?v=-p-PToD2URA,First flight with fairing 2.0. Will also carry two SpaceX test satellites for the upcoming Starlink constellation.,2018-02-11T18:23:00.000Z,Tintin A & B,false,SpaceX,United States,SpaceX,Satellite,800,1763.7,SSO,geocentric,low-earth,,6883.927,0.0015118,495.385,516.2,97.4595,94.735,1,43215,2018-02-22T15:45:36.000Z,15.19257532,62.5094,http://www.spacex.com/sites/spacex/files/paz_press_kit_2.21.pdf,,,,,,https://www.reddit.com/r/spacex/comments/7qnflk/paz_microsat2a_2b_launch_campaign_thread/,https://www.reddit.com/r/spacex/comments/7y0grt/rspacex_paz_official_launch_discussion_updates/,,https://www.reddit.com/r/spacex/comments/7zdvop/rspacex_paz_media_thread_videos_images_gifs/,,,43216,2018-02-22T15:41:15.000Z,15.2001646,62.4965,,,,,,,,,,,,,,,,,,,,,,,,43217,
57,Hispasat 30W-6,false,2018,1520314380,2018-03-06T05:33:00.000Z,2018-03-06T00:33:00-05:00,falcon9,Falcon 9,FT,B1044,1,4,false,,,,4,Hispasat 30W-6,false,Hispasat,Spain,SSL,Satellite,6092,13430.6,GTO,geocentric,geostationary,-30,17600.66,0.6271591,184.111,22260.939,26.9686,387.305,15,,false,false,false,false,false,ccafs_slc_40,CCAFS SLC 40,Cape Canaveral Air Force Station Space Launch Complex 40,true,https://images2.imgbox.com/86/73/dycVqz0C_o.png,https://images2.imgbox.com/87/5d/ZDr6l98A_o.png,https://spaceflightnow.com/2018/03/06/hefty-hispasat-satellite-rides-spacex-rocket-into-orbit/,https://en.wikipedia.org/wiki/Hispasat_30W-6,https://www.youtube.com/watch?v=Kpfrp-GMKKM,Launched with landing legs and titanium grid fins. Did not attempt a landing due to 'unfavorable weather conditions in the recovery area'.,2018-02-21T03:46:00.000Z,,,,,,,,,,,,,,,,,,,,43228,2018-03-06T11:09:19.000Z,3.71799939,80.183,http://www.spacex.com/sites/spacex/files/hispasat30w6_presskit.pdf,,,,,,https://www.reddit.com/r/spacex/comments/7r5pyn/hispasat_30w6_launch_campaign_thread/,https://www.reddit.com/r/spacex/comments/7r5pyn/hispasat_30w6_launch_campaign_thread/,,https://www.reddit.com/r/spacex/comments/825asx/rspacex_hispasat_30w6_media_thread_videos_images/,,,,,,,,,,,,,,,,,,,,,,,,,,,,,,,
58,Iridium NEXT Mission 5,false,2018,1522419231,2018-03-30T14:13:51.000Z,2018-03-30T07:13:51-08:00,falcon9,Falcon 9,FT,B1041,2,4,true,,,,4,Iridium NEXT 5,false,Iridium Communications,United States,Thales Alenia Space,Satellite,9600,21164.38,PO,geocentric,low-earth,,6994.929,0.0016569,605.204,628.384,86.685,97.036,15,https://www.flightclub.io/results/?code=IRD5,true,false,false,false,false,vafb_slc_4e,VAFB SLC 4E,Vandenberg Air Force Base Space Launch Complex 4E,true,https://images2.imgbox.com/6e/32/3hj6BIWx_o.png,https://images2.imgbox.com/2f/36/Bn1RX3aO_o.png,https://spaceflightnow.com/2018/03/30/iridium-messaging-network-gets-another-boost-from-spacex/,https://en.wikipedia.org/wiki/Iridium_satellite_constellation#Next-generation_constellation,https://www.youtube.com/watch?v=mp0TW8vkCLg,"Fifth Iridium NEXT mission to deploy ten Iridium NEXT satellites. Reused booster from third Iridium flight, and although controlled descent was performed, the booster was expended into the ocean. SpaceX planned a second recovery attempt of one half of the fairing using the specially modified boat Mr. Steven. However, the fairing's parafoil twisted during the recovery, which led to water impact at high speed",2018-03-25T12:23:00.000Z,,,,,,,,,,,,,,,,,,,,43249,2018-03-30T15:49:47.000Z,14.83978964,104.3315,http://www.spacex.com/sites/spacex/files/iridium-5_press_kit.pdf,,,,,,https://www.reddit.com/r/spacex/comments/82njj5/iridium_next_constellation_mission_5_launch/,https://www.reddit.com/r/spacex/comments/88184i/rspacex_iridium_next_5_official_launch_discussion/,,https://www.reddit.com/r/spacex/comments/88114l/rspacex_iridium5_media_thread_videos_images_gifs/,,,,,,,43250,43251,43252,43253,43254,43255,43256,43257,43258,,,,,,,,,,,,,,,,
59,CRS-14,false,2018,1522701041,2018-04-02T20:30:41.000Z,2018-04-02T16:30:41-04:00,falcon9,Falcon 9,FT,B1039,2,4,true,,,,4,SpaceX CRS-14,true,NASA (CRS),United States,SpaceX,Dragon 1.1,2760,6084.7,ISS,geocentric,low-earth,,6658.324,0.011476,203.778,356.6,51.6437,90.117,,https://www.flightclub.io/results/?code=CR14,true,false,false,false,true,ccafs_slc_40,CCAFS SLC 40,Cape Canaveral Air Force Station Space Launch Complex 40,true,https://images2.imgbox.com/4c/3a/VGGRo5PT_o.png,https://images2.imgbox.com/e7/bf/WzMju1cP_o.png,https://spaceflightnow.com/2018/04/02/spacex-supply-ship-departs-cape-canaveral-for-space-station/,https://en.wikipedia.org/wiki/SpaceX_CRS-14,https://www.youtube.com/watch?v=BPQHG-LevZM,"The launch used a refurbished booster (from CRS-12) for the 11th time, and a refurbished capsule (C110 from CRS-8) for the third time. External payloads include a materials research platform MISSE-FF phase 3 of the Robotic Refueling Mission TSIS, heliophysics sensor several crystallization experiments, and the RemoveDebris spacecraft aimed at space junk removal. The booster was expended in order to test a new landing profile.",2018-03-28T15:52:00.000Z,,,,,,,,,,,,,,,,,,,,43267,2018-04-02T20:54:48.000Z,15.97921108,34.3281,http://www.spacex.com/sites/spacex/files/crs-14presskit2018.pdf,C110,1743,3843,3862140,https://www.nasa.gov/sites/default/files/atoms/files/spacex_crs-14_mision_overview_high_res.pdf,https://www.reddit.com/r/spacex/comments/82op7a/crs14_launch_campaign_thread/,https://www.reddit.com/r/spacex/comments/88s8a7/rspacex_crs14_official_launch_discussion_updates/,,https://www.reddit.com/r/spacex/comments/88l52i/rspacex_crs14_media_thread_videos_images_gifs/,,,,,,,,,,,,,,,,,,,,,,,,,,,,,,,
60,TESS,false,2018,1524091860,2018-04-18T22:51:00.000Z,2018-04-18T18:51:00-04:00,falcon9,Falcon 9,FT,B1045,1,4,false,true,ASDS,OCISLY,4,TESS,false,NASA,United States,Orbital ATK,Satellite,350,772,HEO,highly-elliptical,high-earth,,143549.447,0.943685,1705.852,272636.772,28.6882,9021.152,10,https://www.flightclub.io/results/?code=TESS,true,false,false,false,false,ccafs_slc_40,CCAFS SLC 40,Cape Canaveral Air Force Station Space Launch Complex 40,true,https://images2.imgbox.com/7d/2c/pYXpOVCz_o.png,https://images2.imgbox.com/ca/54/EEGqRRto_o.png,https://spaceflightnow.com/2018/04/19/all-sky-surveyor-launched-from-cape-canaveral-on-the-hunt-for-exoplanets/,https://en.wikipedia.org/wiki/Transiting_Exoplanet_Survey_Satellite,https://www.youtube.com/watch?v=aY-0uBIYYKk,"Part of the Explorers program, this space telescope is intended for wide-field search of exoplanets transiting nearby stars. It is the first NASA high priority science mission launched by SpaceX. It was the first time SpaceX launched a scientific satellite not primarily intended for Earth observations. The second stage placed it into a high-Earth elliptical orbit, after which the satellite's own booster will perform complex maneuvers including a lunar flyby, and over the course of two months, reach a stable, 2:1 resonant orbit with the Moon. In January 2018, SpaceX received NASA's Launch Services Program Category 2 certification of its Falcon 9 'Full Thrust', certification which is required for launching medium risk missions like TESS. It was the last launch of a new Block 4 booster, and marked the 24th successful recovery of the booster. An experimental water landing was performed in order to attempt fairing recovery.",2018-04-11T18:30:00.000Z,,,,,,,,,,,,,,,,,,,,43435,2018-04-25T05:40:13.000Z,0.15962484,36.536,http://www.spacex.com/sites/spacex/files/tesspresskitfinal417.pdf,,,,,,https://www.reddit.com/r/spacex/comments/88l46q/tess_launch_campaign_thread/,https://www.reddit.com/r/spacex/comments/8cm61o/rspacex_tess_official_launch_discussion_updates/,,https://www.reddit.com/r/spacex/comments/8cmzop/rspacex_tess_media_thread_videos_images_gifs/,,,,,,,,,,,,,,,,,,,,,,,,,,,,,,,
61,Bangabandhu-1,false,2018,1526069640,2018-05-11T20:14:00.000Z,2018-05-11T16:14:00-04:00,falcon9,Falcon 9,FT,B1046,1,5,false,true,ASDS,OCISLY,5,Bangabandhu-1,false,Bangladesh Gov,Bangladesh,Thales Alenia Space,Satellite,3750,8270,GTO,geocentric,geostationary,119.1,24306.957,0.7249088,308.495,35549.15,19.3139,628.572,15,https://www.flightclub.io/result?code=BNG1,false,false,false,false,false,ksc_lc_39a,KSC LC 39A,Kennedy Space Center Historic Launch Complex 39A,true,https://images2.imgbox.com/df/cf/wlysigUT_o.png,https://images2.imgbox.com/94/3a/eavaQRYD_o.png,https://spaceflightnow.com/2018/05/11/spacex-debuts-an-improved-human-rated-model-of-the-falcon-9-rocket/,https://en.wikipedia.org/wiki/Bangabandhu-1,https://www.youtube.com/watch?v=rQEqKZ7CJlk,First launch of a Block V first stage.,2018-05-04T23:25:00.000Z,,,,,,,,,,,,,,,,,,,,43463,2018-05-11T21:52:04.000Z,2.2909038,5.9439,http://www.spacex.com/sites/spacex/files/bangabandhupresskit51118.pdf,,,,,,https://www.reddit.com/r/spacex/comments/8624iq/bangabandhu1_launch_campaign_thread/,https://www.reddit.com/r/spacex/comments/8ia091/rspacex_bangabandhu1_official_launch_discussion,https://www.reddit.com/r/spacex/comments/8j6moa/bangabandhu1_block_5_recovery_thread/,https://www.reddit.com/r/spacex/comments/8ia5bu/rspacex_bangabandhu1_media_thread_videos_images/,,,,,,,,,,,,,,,,,,,,,,,,,,,,,,,
62,Iridium NEXT Mission 6,false,2018,1527018478,2018-05-22T19:47:58.000Z,2018-05-22T12:47:58-08:00,falcon9,Falcon 9,FT,B1043,2,4,true,,,,4,Iridium NEXT 6,false,Iridium Communications,United States,Thales Alenia Space,Satellite,4300,9479.9,PO,geocentric,low-earth,,6978.9,0.0153544,493.608,707.921,86.7101,96.703,15,https://www.flightclub.io/result?code=IRD6,true,false,false,false,false,vafb_slc_4e,VAFB SLC 4E,Vandenberg Air Force Base Space Launch Complex 4E,true,https://images2.imgbox.com/3d/f9/IHjBUE1f_o.png,https://images2.imgbox.com/f5/da/hz3r2Lni_o.png,https://spaceflightnow.com/2018/05/22/rideshare-launch-by-spacex-serves-commercial-and-scientific-customers/,https://en.wikipedia.org/wiki/Gravity_Recovery_and_Climate_Experiment,https://www.youtube.com/watch?v=I_0GgKfwCSk,GFZ arranged a rideshare of GRACE-FO on a Falcon 9 with Iridium following the cancellation of their Dnepr launch contract in 2015. Iridium CEO Matt Desch disclosed in September 2017 that GRACE-FO would be launched on the sixth Iridium NEXT mission. The booster reuse turnaround was a record 4.5 months between flights.,2018-05-18T20:16:00.000Z,GRACE-FO 1-2,false,NASA,,,Satellite,1160,2557.4,PO,geocentric,sun-synchronous,,6872.352,0.0015589,483.503,504.93,88.9948,94.496,5,43478,2018-05-22T22:51:42.000Z,14.89094608,239.925,http://www.spacex.com/sites/spacex/files/iridium6presskit2018521.pdf,,,,,,https://www.reddit.com/r/spacex/comments/8ffsgl/iridium6_gracefo_launch_campaign_thread/,https://www.reddit.com/r/spacex/comments/8kyk5a/rspacex_iridium_next_6_official_launch_discussion/,,https://www.reddit.com/r/spacex/comments/8l9tfz/rspacex_iridium6gracefo_media_thread_videos/,,,43476,2018-05-22T21:20:29.000Z,15.2385857,239.1029,43479,43480,43481,43482,,,,,,,,,,,,,,,,,,,,43477,DLR
63,SES-12,false,2018,1528087500,2018-06-04T04:45:00.000Z,2018-06-04T00:45:00-04:00,falcon9,Falcon 9,FT,B1040,2,4,true,,,,5,SES-12,false,SES,Luxembourg,Airbus Defence and Space,Satellite,5383.85,11869.4,GTO,geocentric,geostationary,95,35621.11,0.8150421,210.27,58275.679,25.9437,1115.118,15,https://www.flightclub.io/result?code=SES12,true,false,false,false,false,ccafs_slc_40,CCAFS SLC 40,Cape Canaveral Air Force Station Space Launch Complex 40,true,https://images2.imgbox.com/44/ba/fvMeODet_o.png,https://images2.imgbox.com/4b/b9/oS8ezl6V_o.png,https://spaceflightnow.com/2018/06/04/multi-mission-telecom-craft-launched-by-spacex-for-ses/,https://en.wikipedia.org/wiki/SES-12,https://www.youtube.com/watch?v=2hcM5hqQ45s,"The communications satellite serving the Middle East and the Asia-Pacific region at the same place as SES-8, and was the largest satellite built for SES. The first stage Block 4 was expended, while the second stage was Block 5.",2018-05-25T01:48:00.000Z,,,,,,,,,,,,,,,,,,,,43488,2018-06-03T23:07:46.000Z,1.29134293,162.9782,http://www.spacex.com/sites/spacex/files/ses-12missionpress_kit_6.2.18.pdf,,,,,,https://www.reddit.com/r/spacex/comments/8jv0ed/ses12_launch_campaign_thread/,https://www.reddit.com/r/spacex/comments/8o9woj/rspacex_ses12_official_launch_discussion_updates/,,https://www.reddit.com/r/spacex/comments/8oa3k4/rspacex_ses12_media_thread_videos_images_gifs/,,,,,,,,,,,,,,,,,,,,,,,,,,,,,,,
64,CRS-15,false,2018,1530265320,2018-06-29T09:42:00.000Z,2018-06-29T05:42:00-04:00,falcon9,Falcon 9,FT,B1045,2,4,true,,,,4,SpaceX CRS-15,true,NASA (CRS),United States,SpaceX,Dragon 1.1,2410,5313,ISS,geocentric,low-earth,,6685.069,0.0119429,227.094,386.773,51.6352,90.66,,https://www.flightclub.io/results/?code=CR15,true,false,false,false,false,ccafs_slc_40,CCAFS SLC 40,Cape Canaveral Air Force Station Space Launch Complex 40,true,https://images2.imgbox.com/43/35/0QW7yRsB_o.png,https://images2.imgbox.com/11/ec/xng5hAXN_o.png,https://spaceflightnow.com/2018/06/29/spacex-launches-ai-enabled-robot-companion-vegetation-monitor-to-space-station/,https://en.wikipedia.org/wiki/SpaceX_CRS-15,https://www.youtube.com/watch?v=ycMagB1s8XM,"Payload included MISSE-FF 2, ECOSTRESS, and a Latching End Effector. The refurbished booster featured a record 2.5 months period turnaround from its original launch of the TESS satellite — the fastest previous was 4.5 months. This was the last commercial flight of a Block 4 booster, which was expended into the Atlantic without landing legs and grid fins.",2018-06-23T21:30:00.000Z,,,,,,,,,,,,,,,,,,,,43522,2018-06-29T11:28:11.000Z,15.88341598,317.9412,http://www.spacex.com/sites/spacex/files/crs15presskit.pdf,C111,1700,3747.9,3069300,https://www.nasa.gov/sites/default/files/atoms/files/spacex_crs-15_mision_overview_rev2_high_res7.pdf,https://www.reddit.com/r/spacex/comments/8pua1m/crs15_launch_campaign_thread/,https://www.reddit.com/r/spacex/comments/8ugo3l/rspacex_crs15_official_launch_discussion_updates,,https://www.reddit.com/r/spacex/comments/8ujcwo/rspacex_crs15_media_thread_videos_images_gifs/,,,,,,,,,,,,,,,,,,,,,,,,,,,,,,,
65,Telstar 19V,false,2018,1532238600,2018-07-22T05:50:00.000Z,2018-07-22T01:50:00-04:00,falcon9,Falcon 9,FT,B1047,1,5,false,true,ASDS,OCISLY,5,Telstar 19V,false,Telesat,Canada,SSL,Satellite,7076,15600,GTO,geocentric,geostationary,-65,15431.311,0.5708998,243.444,17862.909,27.0038,317.953,15,https://www.flightclub.io/results/?code=TS19V,false,false,false,false,false,ccafs_slc_40,CCAFS SLC 40,Cape Canaveral Air Force Station Space Launch Complex 40,true,https://images2.imgbox.com/c5/53/5jklZkPz_o.png,https://images2.imgbox.com/12/7c/NiniYxoh_o.png,https://spaceflightnow.com/2018/07/22/spacex-delivers-for-telesat-with-successful-early-morning-launch/,https://en.wikipedia.org/wiki/Telstar_19V,https://www.youtube.com/watch?v=xybp6zLaGx4,"SSL-manufactured communications satellite intended to be placed at 63° West over the Americas. At 7,075 kg, it became the heaviest commercial communications satellite ever launched.",2018-07-18T21:00:00.000Z,,,,,,,,,,,,,,,,,,,,43562,2018-07-22T07:51:05.000Z,4.52895999,220.7033,http://www.spacex.com/sites/spacex/files/telstar19vantagepresskit.pdf,,,,,,https://www.reddit.com/r/spacex/comments/8w19yg/telstar_19v_launch_campaign_thread/,https://www.reddit.com/r/spacex/comments/90p1a6/rspacex_telstar_19v_official_launch_discussion/,,https://www.reddit.com/r/spacex/comments/90oxrr/rspacex_telstar_19v_media_thread_videos_images/,,,,,,,,,,,,,,,,,,,,,,,,,,,,,,,
66,Iridium NEXT Mission 7,false,2018,1532518766,2018-07-25T11:39:26.000Z,2018-07-25T04:39:26-07:00,falcon9,Falcon 9,FT,B1048,1,5,false,true,ASDS,JRTI,,Iridium NEXT 7,false,Iridium Communications,United States,Thales Alenia Space,Satellite,9600,21164.38,PO,geocentric,low-earth,,6994.843,0.001022,609.559,623.856,86.6763,97.034,15,https://www.flightclub.io/result?code=IRD7,false,false,false,false,false,vafb_slc_4e,VAFB SLC 4E,Vandenberg Air Force Base Space Launch Complex 4E,true,https://images2.imgbox.com/90/b5/fS6LMNGd_o.png,https://images2.imgbox.com/37/63/NE4EISfK_o.png,https://spaceflightnow.com/2018/07/25/spacexs-second-launch-in-three-days-lofts-10-more-iridium-satellites/,https://en.wikipedia.org/wiki/Iridium_satellite_constellation#Next-generation_constellation,https://www.youtube.com/watch?v=vsDknmK30C0,"Seventh Iridium NEXT launch, with 10 communication satellites. Booster landed safely despite the droneship experiencing significant waves. Mr. Steven boat with an upgraded 4x size net was used, unsuccessfully, to attempt fairing recovery.",2018-07-20T21:08:00.000Z,,,,,,,,,,,,,,,,,,,,43569,2018-07-25T19:08:38.000Z,14.840065,181.7071,http://www.spacex.com/sites/spacex/files/iridium7_press_kit_7_24.pdf,,,,,,https://www.reddit.com/r/spacex/comments/8v4wcm/iridium_next_constellation_mission_7_launch/,https://www.reddit.com/r/spacex/comments/91i1ru/rspacex_iridium_next_7_official_launch_discussion/,,https://www.reddit.com/r/spacex/comments/91gx44/rspacex_iridium_next_constellation_mission_7/,,,,,,,43570,43571,43572,43573,43574,43575,43576,43577,43578,,,,,,,,,,,,,,,,
67,Merah Putih,false,2018,1533619080,2018-08-07T05:18:00.000Z,2018-08-07T01:18:00-04:00,falcon9,Falcon 9,FT,B1046,2,5,true,true,ASDS,OCISLY,5,Telkom-4,false,Telkom,Indonesia,SSL,Satellite,5800,12786.81,GTO,geocentric,geostationary,-108,21226.178,0.6904141,193.19,29502.896,27.0648,512.941,15,,true,false,false,false,false,ccafs_slc_40,CCAFS SLC 40,Cape Canaveral Air Force Station Space Launch Complex 40,true,https://images2.imgbox.com/a8/f5/ZgdsrbqW_o.png,https://images2.imgbox.com/a7/ec/sbwePzVD_o.png,https://spaceflightnow.com/2018/08/07/indonesian-communications-satellite-deployed-in-orbit-by-spacex/,https://en.wikipedia.org/wiki/Telkom_Indonesia,https://www.youtube.com/watch?v=FjfQNBYv2IY,Indonesian comsat intended to replace the aging Telkom 1 at 108° E. First reflight of a Block 5-version booster.,2018-08-02T15:53:00.000Z,,,,,,,,,,,,,,,,,,,,43587,2018-08-07T06:57:16.000Z,2.80734018,227.0228,https://www.spacex.com/sites/spacex/files/merahputihpresskit.pdf,,,,,,https://www.reddit.com/r/spacex/comments/91gwfg/merah_putih_telkom4_launch_campaign_thread/,https://www.reddit.com/r/spacex/comments/9539nr/rspacex_merah_putih_telkom4_official_launch/,,https://www.reddit.com/r/spacex/comments/94zr0b/rspacex_merah_putih_media_thread_videos_images/,,,,,,,,,,,,,,,,,,,,,,,,,,,,,,,
